Name,Current_Season,Next_Season,Current_Team,Next_Team,Current_Age,Target_Age,Current_PA,Target_PA,Current_OPS,Target_OPS,Current_wRC+,Target_wRC+,Current_BB%,Target_BB%,Current_K%,Target_K%,Current_ISO,Target_ISO,Current_BABIP,Target_BABIP,Current_HardHit%,Target_HardHit%,Current_Barrel%,Target_Barrel%,Current_xwOBA,Target_xwOBA
A.J. Pollock,2021,2022,LAD,CHW,33,34,422,527,0.892,0.681,137,92,0.071,0.061,0.19,0.186,0.24,0.143,0.326,0.278,0.474,0.42,0.111,0.094,0.359,0.317
Aaron Judge,2021,2022,NYY,NYY,29,30,633,696,0.916,1.111,150,206,0.118,0.159,0.25,0.251,0.256,0.375,0.332,0.34,0.579,0.611,0.176,0.262,0.418,0.463
Aaron Judge,2022,2023,NYY,NYY,30,31,696,458,1.111,1.019,206,173,0.159,0.192,0.251,0.284,0.375,0.346,0.34,0.3,0.611,0.642,0.262,0.275,0.463,0.461
Aaron Judge,2023,2024,NYY,NYY,31,32,458,704,1.019,1.159,173,220,0.192,0.1889999999999999,0.284,0.243,0.346,0.379,0.3,0.367,0.642,0.611,0.275,0.2689999999999999,0.461,0.48
Aaron Judge,2024,2025,NYY,NYY,32,33,704,679,1.159,1.144,220,204,0.1889999999999999,0.183,0.243,0.236,0.379,0.357,0.367,0.376,0.611,0.5820000000000001,0.2689999999999999,0.247,0.48,0.458
Adam Frazier,2021,2022,- - -,SEA,29,30,639,602,0.779,0.612,113,82,0.075,0.076,0.108,0.121,0.106,0.072,0.339,0.268,0.252,0.245,0.01,0.015,0.324,0.297
Adam Frazier,2022,2023,SEA,BAL,30,31,602,455,0.612,0.696,82,92,0.076,0.07,0.121,0.149,0.072,0.155,0.268,0.258,0.245,0.2339999999999999,0.015,0.031,0.297,0.301
Adley Rutschman,2022,2023,BAL,BAL,24,25,470,687,0.806,0.809,134,126,0.138,0.134,0.183,0.147,0.191,0.158,0.291,0.303,0.368,0.386,0.079,0.075,0.342,0.373
Adley Rutschman,2023,2024,BAL,BAL,25,26,687,638,0.809,0.709,126,103,0.134,0.091,0.147,0.161,0.158,0.14,0.303,0.272,0.386,0.366,0.075,0.061,0.373,0.315
Adolis Garcia,2021,2022,TEX,TEX,28,29,622,657,0.741,0.756,99,112,0.051,0.061,0.312,0.2789999999999999,0.212,0.207,0.306,0.309,0.455,0.474,0.115,0.129,0.299,0.322
Adolis Garcia,2022,2023,TEX,TEX,29,30,657,632,0.756,0.836,112,128,0.061,0.103,0.2789999999999999,0.2769999999999999,0.207,0.263,0.309,0.28,0.474,0.497,0.129,0.161,0.322,0.366
Adolis Garcia,2023,2024,TEX,TEX,30,31,632,637,0.836,0.684,128,94,0.103,0.071,0.2769999999999999,0.278,0.263,0.176,0.28,0.273,0.497,0.479,0.161,0.122,0.366,0.306
Adolis Garcia,2024,2025,TEX,TEX,31,32,637,547,0.684,0.665,94,83,0.071,0.051,0.278,0.247,0.176,0.168,0.273,0.267,0.479,0.467,0.122,0.1159999999999999,0.306,0.304
Alec Bohm,2021,2022,PHI,PHI,24,25,417,631,0.647,0.713,76,98,0.074,0.049,0.266,0.174,0.095,0.118,0.327,0.319,0.495,0.43,0.066,0.068,0.313,0.333
Alec Bohm,2022,2023,PHI,PHI,25,26,631,611,0.713,0.765,98,104,0.049,0.069,0.174,0.154,0.118,0.163,0.319,0.296,0.43,0.417,0.068,0.057,0.333,0.343
Alec Bohm,2023,2024,PHI,PHI,26,27,611,606,0.765,0.779,104,113,0.069,0.066,0.154,0.142,0.163,0.168,0.296,0.305,0.417,0.451,0.057,0.065,0.343,0.341
Alec Bohm,2024,2025,PHI,PHI,27,28,606,504,0.779,0.741,113,105,0.066,0.0579999999999999,0.142,0.163,0.168,0.123,0.305,0.324,0.451,0.4639999999999999,0.065,0.062,0.341,0.324
Alec Burleson,2024,2025,STL,STL,25,26,595,546,0.735,0.801,106,124,0.059,0.071,0.128,0.145,0.152,0.169,0.276,0.312,0.415,0.428,0.065,0.094,0.329,0.343
Alejandro Kirk,2022,2023,TOR,TOR,23,24,541,422,0.786,0.692,129,95,0.1159999999999999,0.1,0.107,0.107,0.13,0.108,0.299,0.265,0.4539999999999999,0.3829999999999999,0.067,0.052,0.351,0.32
Alek Thomas,2022,2023,ARI,ARI,22,23,411,402,0.619,0.647,71,71,0.054,0.047,0.18,0.214,0.113,0.144,0.263,0.273,0.346,0.416,0.038,0.051,0.277,0.291
Alex Bregman,2021,2022,HOU,HOU,27,28,400,656,0.777,0.82,114,137,0.11,0.133,0.133,0.1169999999999999,0.152,0.195,0.286,0.26,0.381,0.3779999999999999,0.064,0.073,0.332,0.35
Alex Bregman,2022,2023,HOU,HOU,28,29,656,724,0.82,0.804,137,125,0.133,0.127,0.1169999999999999,0.12,0.195,0.178,0.26,0.27,0.3779999999999999,0.382,0.073,0.054,0.35,0.351
Alex Bregman,2023,2024,HOU,HOU,29,30,724,634,0.804,0.768,125,117,0.127,0.069,0.12,0.136,0.178,0.193,0.27,0.264,0.382,0.4029999999999999,0.054,0.062,0.351,0.319
Alex Bregman,2024,2025,HOU,BOS,30,31,634,495,0.768,0.821,117,125,0.069,0.103,0.136,0.141,0.193,0.189,0.264,0.288,0.4029999999999999,0.444,0.062,0.066,0.319,0.334
Alex Verdugo,2021,2022,BOS,BOS,25,26,604,644,0.777,0.732,106,102,0.084,0.065,0.159,0.134,0.138,0.125,0.327,0.309,0.43,0.382,0.071,0.06,0.34,0.329
Alex Verdugo,2022,2023,BOS,BOS,26,27,644,602,0.732,0.745,102,100,0.065,0.075,0.134,0.154,0.125,0.158,0.309,0.294,0.382,0.376,0.06,0.05,0.329,0.331
Alex Verdugo,2023,2024,BOS,NYY,27,28,602,621,0.745,0.647,100,85,0.075,0.079,0.154,0.15,0.158,0.123,0.294,0.253,0.376,0.349,0.05,0.0559999999999999,0.331,0.302
Amed Rosario,2021,2022,CLE,CLE,25,26,588,670,0.731,0.715,102,104,0.053,0.037,0.204,0.166,0.127,0.121,0.34,0.326,0.433,0.3829999999999999,0.0279999999999999,0.045,0.3,0.31
Amed Rosario,2022,2023,CLE,- - -,26,27,670,545,0.715,0.683,104,87,0.037,0.053,0.166,0.182,0.121,0.116,0.326,0.314,0.3829999999999999,0.3939999999999999,0.045,0.034,0.31,0.305
Andres Gimenez,2022,2023,CLE,CLE,23,24,557,616,0.837,0.712,141,96,0.061,0.052,0.201,0.182,0.169,0.147,0.353,0.289,0.3779999999999999,0.27,0.062,0.055,0.326,0.297
Andres Gimenez,2023,2024,CLE,CLE,24,25,616,633,0.712,0.638,96,83,0.052,0.0409999999999999,0.182,0.153,0.147,0.087,0.289,0.286,0.27,0.285,0.055,0.0279999999999999,0.297,0.296
Andrew Benintendi,2021,2022,KCR,- - -,26,27,538,521,0.766,0.772,104,121,0.067,0.1,0.18,0.148,0.166,0.095,0.309,0.352,0.432,0.387,0.089,0.051,0.331,0.334
Andrew Benintendi,2022,2023,- - -,CHW,27,28,521,621,0.772,0.682,121,88,0.1,0.084,0.148,0.143,0.095,0.094,0.352,0.301,0.387,0.27,0.051,0.0289999999999999,0.334,0.309
Andrew Benintendi,2023,2024,CHW,CHW,28,29,621,522,0.682,0.685,88,93,0.084,0.079,0.143,0.184,0.094,0.168,0.301,0.245,0.27,0.344,0.0289999999999999,0.063,0.309,0.303
Andrew Benintendi,2024,2025,CHW,CHW,29,30,522,470,0.685,0.738,93,103,0.079,0.085,0.184,0.174,0.168,0.19,0.245,0.25,0.344,0.368,0.063,0.11,0.303,0.32
Andrew McCutchen,2021,2022,PHI,MIL,34,35,574,580,0.778,0.7,108,98,0.141,0.098,0.23,0.214,0.222,0.148,0.242,0.278,0.395,0.4,0.09,0.086,0.344,0.325
Andrew McCutchen,2022,2023,MIL,PIT,35,36,580,473,0.7,0.776,98,115,0.098,0.159,0.214,0.211,0.148,0.141,0.278,0.312,0.4,0.446,0.086,0.068,0.325,0.353
Andrew McCutchen,2023,2024,PIT,PIT,36,37,473,515,0.776,0.739,115,106,0.159,0.113,0.211,0.258,0.141,0.179,0.312,0.283,0.446,0.366,0.068,0.1169999999999999,0.353,0.327
Andrew McCutchen,2024,2025,PIT,PIT,37,38,515,551,0.739,0.7,106,95,0.113,0.122,0.258,0.214,0.179,0.128,0.283,0.289,0.366,0.423,0.1169999999999999,0.0819999999999999,0.327,0.332
Andrew Vaughn,2021,2022,CHW,CHW,23,24,469,555,0.705,0.75,93,113,0.087,0.0559999999999999,0.215,0.173,0.161,0.159,0.271,0.301,0.47,0.484,0.109,0.079,0.332,0.319
Andrew Vaughn,2022,2023,CHW,CHW,24,25,555,615,0.75,0.743,113,103,0.0559999999999999,0.059,0.173,0.21,0.159,0.171,0.301,0.299,0.484,0.465,0.079,0.084,0.319,0.319
Andrew Vaughn,2023,2024,CHW,CHW,25,26,615,619,0.743,0.699,103,97,0.059,0.061,0.21,0.213,0.171,0.156,0.299,0.285,0.465,0.433,0.084,0.093,0.319,0.32
Andrew Vaughn,2024,2025,CHW,- - -,26,27,619,447,0.699,0.719,97,99,0.061,0.069,0.213,0.179,0.156,0.158,0.285,0.28,0.433,0.477,0.093,0.12,0.32,0.346
Andy Pages,2024,2025,LAD,LAD,23,24,443,624,0.712,0.774,98,113,0.065,0.046,0.244,0.216,0.159,0.189,0.304,0.308,0.4,0.372,0.107,0.084,0.321,0.316
Anthony Rizzo,2021,2022,- - -,NYY,31,32,576,548,0.783,0.817,114,131,0.09,0.106,0.151,0.184,0.192,0.256,0.258,0.216,0.411,0.41,0.077,0.109,0.347,0.349
Anthony Rizzo,2022,2023,NYY,NYY,32,33,548,421,0.817,0.706,131,99,0.106,0.083,0.184,0.23,0.256,0.134,0.216,0.298,0.41,0.375,0.109,0.069,0.349,0.319
Anthony Santander,2021,2022,BAL,BAL,26,27,438,647,0.72,0.773,92,121,0.053,0.085,0.231,0.1889999999999999,0.192,0.214,0.275,0.248,0.435,0.433,0.084,0.1159999999999999,0.328,0.352
Anthony Santander,2022,2023,BAL,BAL,27,28,647,656,0.773,0.797,121,118,0.085,0.084,0.1889999999999999,0.2319999999999999,0.214,0.215,0.248,0.299,0.433,0.46,0.1159999999999999,0.102,0.352,0.319
Anthony Santander,2023,2024,BAL,BAL,28,29,656,665,0.797,0.814,118,128,0.084,0.087,0.2319999999999999,0.1939999999999999,0.215,0.271,0.299,0.225,0.46,0.416,0.102,0.1169999999999999,0.319,0.324
Anthony Volpe,2023,2024,NYY,NYY,22,23,601,689,0.666,0.657,83,87,0.087,0.061,0.278,0.226,0.174,0.121,0.259,0.303,0.43,0.353,0.09,0.039,0.308,0.278
Anthony Volpe,2024,2025,NYY,NYY,23,24,689,596,0.657,0.663,87,83,0.061,0.072,0.226,0.252,0.121,0.18,0.303,0.252,0.353,0.419,0.039,0.105,0.278,0.299
Austin Hays,2021,2022,BAL,BAL,25,26,529,582,0.769,0.719,106,106,0.053,0.0579999999999999,0.2019999999999999,0.196,0.205,0.163,0.286,0.289,0.392,0.377,0.091,0.052,0.316,0.298
Austin Hays,2022,2023,BAL,BAL,26,27,582,566,0.719,0.769,106,111,0.0579999999999999,0.067,0.196,0.249,0.163,0.169,0.289,0.345,0.377,0.401,0.052,0.089,0.298,0.309
Austin Riley,2021,2022,ATL,ATL,24,25,662,693,0.898,0.878,136,144,0.079,0.0819999999999999,0.254,0.242,0.227,0.255,0.368,0.315,0.456,0.508,0.133,0.157,0.366,0.378
Austin Riley,2022,2023,ATL,ATL,25,26,693,715,0.878,0.861,144,128,0.0819999999999999,0.083,0.242,0.241,0.255,0.234,0.315,0.324,0.508,0.491,0.157,0.139,0.378,0.365
Austin Riley,2023,2024,ATL,ATL,26,27,715,469,0.861,0.783,128,116,0.083,0.079,0.241,0.252,0.234,0.205,0.324,0.31,0.491,0.534,0.139,0.149,0.365,0.361
Austin Riley,2024,2025,ATL,ATL,27,28,469,447,0.783,0.737,116,103,0.079,0.06,0.252,0.286,0.205,0.168,0.31,0.337,0.534,0.502,0.149,0.152,0.361,0.328
Austin Wells,2024,2025,NYY,NYY,24,25,414,448,0.718,0.712,107,94,0.114,0.067,0.21,0.263,0.167,0.217,0.261,0.245,0.389,0.451,0.091,0.102,0.339,0.293
Ben Gamel,2021,2022,- - -,PIT,29,30,400,423,0.735,0.693,99,95,0.128,0.113,0.263,0.2319999999999999,0.141,0.137,0.329,0.291,0.365,0.376,0.079,0.062,0.315,0.316
Bo Bichette,2021,2022,TOR,TOR,23,24,690,697,0.828,0.802,122,129,0.0579999999999999,0.059,0.1989999999999999,0.222,0.186,0.179,0.339,0.347,0.475,0.503,0.099,0.096,0.35,0.33
Bo Bichette,2022,2023,TOR,TOR,24,25,697,601,0.802,0.814,129,124,0.059,0.045,0.222,0.191,0.179,0.168,0.347,0.355,0.503,0.449,0.096,0.096,0.33,0.36
Bobby Witt Jr.,2022,2023,KCR,KCR,22,23,632,694,0.722,0.813,98,116,0.047,0.0579999999999999,0.214,0.174,0.174,0.218,0.295,0.295,0.386,0.456,0.087,0.115,0.314,0.369
Bobby Witt Jr.,2023,2024,KCR,KCR,23,24,694,709,0.813,0.977,116,169,0.0579999999999999,0.08,0.174,0.15,0.218,0.256,0.295,0.354,0.456,0.483,0.115,0.143,0.369,0.407
Bobby Witt Jr.,2024,2025,KCR,KCR,24,25,709,687,0.977,0.852,169,130,0.08,0.071,0.15,0.182,0.256,0.205,0.354,0.334,0.483,0.485,0.143,0.125,0.407,0.363
Brandon Crawford,2021,2022,SFG,SFG,34,35,549,458,0.895,0.652,140,87,0.102,0.085,0.191,0.214,0.224,0.113,0.334,0.28,0.433,0.351,0.115,0.067,0.356,0.287
Brandon Drury,2022,2023,- - -,LAA,29,30,568,523,0.813,0.803,123,115,0.067,0.048,0.222,0.26,0.23,0.235,0.293,0.308,0.422,0.4629999999999999,0.104,0.11,0.316,0.319
Brandon Lowe,2023,2024,TBR,TBR,28,29,436,425,0.771,0.783,116,123,0.115,0.078,0.273,0.264,0.212,0.229,0.275,0.287,0.475,0.447,0.107,0.124,0.338,0.343
Brandon Lowe,2024,2025,TBR,TBR,29,30,425,553,0.783,0.785,123,114,0.078,0.069,0.264,0.2689999999999999,0.229,0.221,0.287,0.297,0.447,0.4639999999999999,0.124,0.129,0.343,0.337
Brandon Marsh,2022,2023,- - -,PHI,24,25,461,472,0.679,0.829,90,124,0.061,0.125,0.3429999999999999,0.305,0.139,0.181,0.36,0.397,0.382,0.487,0.074,0.091,0.287,0.321
Brandon Marsh,2023,2024,PHI,PHI,25,26,472,476,0.829,0.747,124,107,0.125,0.105,0.305,0.324,0.181,0.17,0.397,0.348,0.487,0.474,0.091,0.1,0.321,0.324
Brandon Marsh,2024,2025,PHI,PHI,26,27,476,425,0.747,0.785,107,116,0.105,0.089,0.324,0.259,0.17,0.164,0.348,0.363,0.474,0.462,0.1,0.083,0.324,0.329
Brandon Nimmo,2022,2023,NYM,NYM,29,30,673,682,0.8,0.829,132,129,0.105,0.109,0.172,0.214,0.159,0.193,0.317,0.324,0.3979999999999999,0.479,0.07,0.095,0.338,0.352
Brandon Nimmo,2023,2024,NYM,NYM,30,31,682,663,0.829,0.727,129,108,0.109,0.1159999999999999,0.214,0.238,0.193,0.175,0.324,0.267,0.479,0.474,0.095,0.091,0.352,0.335
Brandon Nimmo,2024,2025,NYM,NYM,31,32,663,652,0.727,0.76,108,114,0.1159999999999999,0.077,0.238,0.216,0.175,0.174,0.267,0.301,0.474,0.502,0.091,0.088,0.335,0.321
Brendan Donovan,2024,2025,STL,STL,27,28,652,515,0.759,0.775,115,119,0.072,0.0819999999999999,0.124,0.13,0.14,0.135,0.3,0.315,0.376,0.409,0.055,0.088,0.335,0.346
Brendan Rodgers,2021,2022,COL,COL,24,25,415,581,0.798,0.733,98,94,0.046,0.079,0.2019999999999999,0.174,0.186,0.142,0.328,0.304,0.4029999999999999,0.4589999999999999,0.062,0.072,0.311,0.326
Brent Rooker,2023,2024,OAK,OAK,28,29,526,614,0.817,0.927,126,164,0.093,0.096,0.327,0.288,0.242,0.269,0.317,0.362,0.495,0.496,0.156,0.166,0.343,0.38
Brent Rooker,2024,2025,OAK,ATH,29,30,614,699,0.927,0.814,164,122,0.096,0.093,0.288,0.222,0.269,0.217,0.362,0.302,0.496,0.447,0.166,0.1369999999999999,0.38,0.352
Brenton Doyle,2023,2024,COL,COL,25,26,431,603,0.593,0.764,44,97,0.051,0.076,0.35,0.254,0.14,0.186,0.295,0.316,0.35,0.411,0.087,0.105,0.258,0.329
Brenton Doyle,2024,2025,COL,COL,26,27,603,538,0.764,0.651,97,65,0.076,0.0559999999999999,0.254,0.257,0.186,0.143,0.316,0.289,0.411,0.446,0.105,0.108,0.329,0.296
Brice Turang,2023,2024,MIL,MIL,23,24,448,619,0.585,0.665,61,88,0.085,0.081,0.21,0.17,0.082,0.095,0.268,0.3,0.27,0.297,0.0289999999999999,0.024,0.274,0.297
Brice Turang,2024,2025,MIL,MIL,24,25,619,659,0.665,0.794,88,124,0.081,0.1,0.17,0.228,0.095,0.147,0.3,0.356,0.297,0.474,0.024,0.079,0.297,0.334
Bryan De La Cruz,2023,2024,MIA,- - -,26,27,626,622,0.715,0.654,91,78,0.064,0.047,0.2269999999999999,0.273,0.154,0.151,0.307,0.289,0.424,0.412,0.088,0.093,0.331,0.302
Bryan Reynolds,2021,2022,PIT,PIT,26,27,646,614,0.912,0.807,140,123,0.1159999999999999,0.091,0.184,0.23,0.22,0.199,0.345,0.306,0.408,0.429,0.104,0.079,0.386,0.329
Bryan Reynolds,2022,2023,PIT,PIT,27,28,614,640,0.807,0.79,123,110,0.091,0.083,0.23,0.216,0.199,0.197,0.306,0.304,0.429,0.473,0.079,0.111,0.329,0.36
Bryan Reynolds,2023,2024,PIT,PIT,28,29,640,692,0.79,0.791,110,118,0.083,0.0819999999999999,0.216,0.225,0.197,0.172,0.304,0.33,0.473,0.4539999999999999,0.111,0.096,0.36,0.35
Bryan Reynolds,2024,2025,PIT,PIT,29,30,692,654,0.791,0.72,118,99,0.0819999999999999,0.087,0.225,0.265,0.172,0.157,0.33,0.319,0.4539999999999999,0.46,0.096,0.1009999999999999,0.35,0.338
Bryce Harper,2021,2022,PHI,PHI,28,29,599,426,1.044,0.877,170,139,0.1669999999999999,0.108,0.2239999999999999,0.204,0.305,0.227,0.359,0.324,0.497,0.479,0.181,0.128,0.43,0.38
Bryce Harper,2022,2023,PHI,PHI,29,30,426,546,0.877,0.9,139,141,0.108,0.147,0.204,0.218,0.227,0.206,0.324,0.352,0.479,0.4679999999999999,0.128,0.152,0.38,0.399
Bryce Harper,2023,2024,PHI,PHI,30,31,546,631,0.9,0.898,141,144,0.147,0.12,0.218,0.2189999999999999,0.206,0.24,0.352,0.331,0.4679999999999999,0.477,0.152,0.104,0.399,0.355
Bryce Harper,2024,2025,PHI,PHI,31,32,631,580,0.898,0.844,144,131,0.12,0.121,0.2189999999999999,0.209,0.24,0.226,0.331,0.292,0.477,0.475,0.104,0.123,0.355,0.368
Bryson Stott,2022,2023,PHI,PHI,24,25,466,640,0.653,0.747,84,100,0.077,0.061,0.191,0.156,0.124,0.138,0.274,0.312,0.368,0.352,0.044,0.047,0.284,0.309
Bryson Stott,2023,2024,PHI,PHI,25,26,640,571,0.747,0.671,100,87,0.061,0.093,0.156,0.163,0.138,0.111,0.312,0.275,0.352,0.308,0.047,0.036,0.309,0.307
Bryson Stott,2024,2025,PHI,PHI,26,27,571,560,0.671,0.719,87,100,0.093,0.096,0.163,0.163,0.111,0.134,0.275,0.288,0.308,0.295,0.036,0.051,0.307,0.312
C.J. Cron,2021,2022,COL,COL,31,32,547,632,0.905,0.783,125,103,0.11,0.068,0.214,0.259,0.249,0.21,0.316,0.307,0.42,0.422,0.115,0.108,0.364,0.32
CJ Abrams,2023,2024,WSN,WSN,22,23,614,602,0.712,0.747,91,106,0.052,0.066,0.192,0.213,0.167,0.187,0.279,0.285,0.359,0.407,0.069,0.069,0.304,0.319
CJ Abrams,2024,2025,WSN,WSN,23,24,602,635,0.747,0.748,106,107,0.066,0.0579999999999999,0.213,0.1969999999999999,0.187,0.176,0.285,0.296,0.407,0.392,0.069,0.076,0.319,0.308
Cal Raleigh,2022,2023,SEA,SEA,25,26,415,569,0.774,0.762,122,114,0.092,0.095,0.294,0.278,0.278,0.224,0.226,0.273,0.435,0.41,0.154,0.126,0.324,0.329
Cal Raleigh,2023,2024,SEA,SEA,26,27,569,628,0.762,0.748,114,118,0.095,0.111,0.278,0.28,0.224,0.216,0.273,0.251,0.41,0.481,0.126,0.154,0.329,0.346
Cal Raleigh,2024,2025,SEA,SEA,27,28,628,705,0.748,0.948,118,161,0.111,0.138,0.28,0.267,0.216,0.342,0.251,0.248,0.481,0.496,0.154,0.195,0.346,0.369
Carlos Correa,2021,2022,HOU,MIN,26,27,640,590,0.85,0.834,133,139,0.1169999999999999,0.103,0.181,0.205,0.205,0.176,0.308,0.339,0.427,0.447,0.094,0.114,0.369,0.36
Carlos Correa,2022,2023,MIN,MIN,27,28,590,580,0.834,0.711,139,94,0.103,0.102,0.205,0.226,0.176,0.169,0.339,0.272,0.447,0.4589999999999999,0.114,0.096,0.36,0.327
Carlos Santana,2021,2022,KCR,- - -,35,36,659,506,0.66,0.692,81,102,0.131,0.14,0.155,0.174,0.127,0.174,0.227,0.209,0.419,0.449,0.068,0.093,0.335,0.352
Carlos Santana,2022,2023,- - -,- - -,36,37,506,619,0.692,0.747,102,101,0.14,0.105,0.174,0.168,0.174,0.189,0.209,0.255,0.449,0.364,0.093,0.067,0.352,0.308
Carlos Santana,2023,2024,- - -,MIN,37,38,619,594,0.747,0.749,101,113,0.105,0.109,0.168,0.1669999999999999,0.189,0.182,0.255,0.252,0.364,0.3989999999999999,0.067,0.073,0.308,0.33
Carlos Santana,2024,2025,MIN,- - -,38,39,594,474,0.749,0.633,113,82,0.109,0.11,0.1669999999999999,0.192,0.182,0.106,0.252,0.252,0.3989999999999999,0.3779999999999999,0.073,0.049,0.33,0.288
Ceddanne Rafaela,2024,2025,BOS,BOS,23,24,571,587,0.664,0.708,81,91,0.026,0.048,0.264,0.1989999999999999,0.143,0.165,0.312,0.289,0.369,0.387,0.075,0.092,0.273,0.304
Cedric Mullins,2021,2022,BAL,BAL,26,27,675,672,0.878,0.721,136,107,0.087,0.07,0.185,0.188,0.228,0.145,0.322,0.299,0.3929999999999999,0.371,0.081,0.049,0.344,0.288
Cedric Mullins,2022,2023,BAL,BAL,27,28,672,455,0.721,0.721,107,98,0.07,0.095,0.188,0.222,0.145,0.183,0.299,0.271,0.371,0.371,0.049,0.065,0.288,0.291
Cedric Mullins,2023,2024,BAL,BAL,28,29,455,499,0.721,0.71,98,104,0.095,0.0819999999999999,0.222,0.196,0.183,0.171,0.271,0.261,0.371,0.33,0.065,0.048,0.291,0.291
Cedric Mullins,2024,2025,BAL,- - -,29,30,499,498,0.71,0.69,104,94,0.0819999999999999,0.1,0.196,0.241,0.171,0.175,0.261,0.253,0.33,0.358,0.048,0.062,0.291,0.283
Cesar Hernandez,2021,2022,- - -,WSN,31,32,637,617,0.694,0.629,91,81,0.093,0.073,0.212,0.185,0.154,0.07,0.266,0.309,0.331,0.297,0.068,0.024,0.312,0.29
Charlie Blackmon,2021,2022,COL,COL,34,35,582,577,0.761,0.733,93,91,0.093,0.055,0.156,0.1889999999999999,0.14,0.155,0.305,0.304,0.385,0.306,0.07,0.044,0.359,0.301
Charlie Blackmon,2022,2023,COL,COL,35,36,577,413,0.733,0.803,91,106,0.055,0.094,0.1889999999999999,0.133,0.155,0.162,0.304,0.307,0.306,0.315,0.044,0.049,0.301,0.339
Charlie Blackmon,2023,2024,COL,COL,36,37,413,499,0.803,0.741,106,93,0.094,0.086,0.133,0.172,0.162,0.156,0.307,0.293,0.315,0.272,0.049,0.052,0.339,0.305
Chas McCormick,2022,2023,HOU,HOU,27,28,407,457,0.738,0.842,115,132,0.113,0.088,0.26,0.256,0.162,0.216,0.308,0.331,0.39,0.3879999999999999,0.102,0.111,0.325,0.341
Chris Taylor,2021,2022,LAD,LAD,30,31,582,454,0.782,0.677,113,93,0.108,0.0969999999999999,0.287,0.352,0.183,0.152,0.337,0.336,0.381,0.38,0.102,0.102,0.329,0.277
Christian Vazquez,2021,2022,BOS,- - -,30,31,498,426,0.659,0.714,76,99,0.066,0.052,0.1689999999999999,0.162,0.094,0.126,0.301,0.31,0.311,0.364,0.026,0.051,0.272,0.298
Christian Walker,2021,2022,ARI,ARI,30,31,445,667,0.696,0.804,88,122,0.085,0.103,0.238,0.196,0.137,0.235,0.307,0.248,0.411,0.44,0.064,0.115,0.311,0.359
Christian Walker,2022,2023,ARI,ARI,31,32,667,661,0.804,0.83,122,120,0.103,0.094,0.196,0.192,0.235,0.239,0.248,0.272,0.44,0.4029999999999999,0.115,0.114,0.359,0.339
Christian Walker,2023,2024,ARI,ARI,32,33,661,552,0.83,0.803,120,120,0.094,0.1,0.192,0.241,0.239,0.217,0.272,0.287,0.4029999999999999,0.48,0.114,0.133,0.339,0.352
Christian Walker,2024,2025,ARI,HOU,33,34,552,640,0.803,0.717,120,99,0.1,0.063,0.241,0.2769999999999999,0.217,0.183,0.287,0.291,0.48,0.461,0.133,0.129,0.352,0.313
Christian Yelich,2021,2022,MIL,MIL,29,30,475,671,0.736,0.738,102,111,0.147,0.131,0.238,0.241,0.125,0.13,0.321,0.327,0.488,0.486,0.076,0.0819999999999999,0.337,0.338
Christian Yelich,2022,2023,MIL,MIL,30,31,671,632,0.738,0.818,111,123,0.131,0.123,0.241,0.222,0.13,0.169,0.327,0.342,0.486,0.501,0.0819999999999999,0.092,0.338,0.362
Christopher Morel,2022,2023,CHC,CHC,23,24,425,429,0.741,0.821,110,120,0.089,0.084,0.322,0.31,0.198,0.26,0.32,0.303,0.397,0.5,0.134,0.159,0.323,0.341
Christopher Morel,2023,2024,CHC,- - -,24,25,429,611,0.821,0.634,120,81,0.084,0.1,0.31,0.26,0.26,0.15,0.303,0.233,0.5,0.4039999999999999,0.159,0.102,0.341,0.316
Cody Bellinger,2022,2023,LAD,CHC,26,27,550,556,0.654,0.881,83,135,0.069,0.072,0.273,0.156,0.179,0.218,0.255,0.319,0.381,0.314,0.083,0.061,0.278,0.327
Cody Bellinger,2023,2024,CHC,CHC,27,28,556,569,0.881,0.751,135,108,0.072,0.079,0.156,0.156,0.218,0.161,0.319,0.287,0.314,0.3289999999999999,0.061,0.063,0.327,0.301
Cody Bellinger,2024,2025,CHC,NYY,28,29,569,656,0.751,0.813,108,125,0.079,0.087,0.156,0.1369999999999999,0.161,0.207,0.287,0.274,0.3289999999999999,0.379,0.063,0.075,0.301,0.322
Colt Keith,2024,2025,DET,DET,22,23,556,468,0.689,0.746,95,109,0.065,0.103,0.198,0.218,0.12,0.157,0.306,0.307,0.35,0.437,0.0559999999999999,0.092,0.313,0.339
Connor Joe,2022,2023,COL,PIT,29,30,467,472,0.697,0.76,89,106,0.118,0.106,0.208,0.233,0.121,0.174,0.296,0.311,0.3379999999999999,0.418,0.045,0.0819999999999999,0.311,0.328
Connor Joe,2023,2024,PIT,PIT,30,31,472,416,0.76,0.688,106,93,0.106,0.106,0.233,0.2189999999999999,0.174,0.14,0.311,0.278,0.418,0.327,0.0819999999999999,0.047,0.328,0.277
Connor Wong,2023,2024,BOS,BOS,27,28,403,487,0.673,0.758,79,112,0.055,0.057,0.3329999999999999,0.2339999999999999,0.151,0.145,0.341,0.348,0.3779999999999999,0.345,0.091,0.063,0.273,0.288
Corbin Carroll,2023,2024,ARI,ARI,22,23,645,684,0.868,0.749,133,107,0.088,0.107,0.1939999999999999,0.19,0.221,0.197,0.325,0.256,0.409,0.408,0.076,0.072,0.344,0.326
Corbin Carroll,2024,2025,ARI,ARI,23,24,684,642,0.749,0.883,107,139,0.107,0.104,0.19,0.238,0.197,0.282,0.256,0.299,0.408,0.499,0.072,0.145,0.326,0.371
Corey Seager,2021,2022,LAD,TEX,27,28,409,663,0.915,0.772,146,117,0.1169999999999999,0.087,0.161,0.155,0.215,0.211,0.336,0.242,0.493,0.455,0.124,0.105,0.388,0.37
Corey Seager,2022,2023,TEX,TEX,28,29,663,536,0.772,1.013,117,173,0.087,0.091,0.155,0.1639999999999999,0.211,0.296,0.242,0.34,0.455,0.532,0.105,0.152,0.37,0.409
Corey Seager,2023,2024,TEX,TEX,29,30,536,533,1.013,0.864,173,142,0.091,0.099,0.1639999999999999,0.18,0.296,0.234,0.34,0.291,0.532,0.507,0.152,0.152,0.409,0.387
Corey Seager,2024,2025,TEX,TEX,30,31,533,445,0.864,0.86,142,138,0.099,0.13,0.18,0.196,0.234,0.216,0.291,0.299,0.507,0.536,0.152,0.153,0.387,0.401
DJ LeMahieu,2021,2022,NYY,NYY,32,33,679,541,0.711,0.734,101,115,0.108,0.124,0.138,0.131,0.094,0.116,0.301,0.285,0.433,0.409,0.037,0.053,0.339,0.344
DJ LeMahieu,2022,2023,NYY,NYY,33,34,541,562,0.734,0.718,115,100,0.124,0.107,0.131,0.222,0.116,0.147,0.285,0.295,0.409,0.43,0.053,0.059,0.344,0.322
Dansby Swanson,2021,2022,ATL,ATL,27,28,653,696,0.76,0.776,99,117,0.08,0.07,0.256,0.261,0.201,0.17,0.297,0.348,0.427,0.4629999999999999,0.114,0.108,0.332,0.337
Dansby Swanson,2022,2023,ATL,CHC,28,29,696,638,0.776,0.744,117,105,0.07,0.103,0.261,0.241,0.17,0.172,0.348,0.297,0.4629999999999999,0.397,0.108,0.109,0.337,0.345
Dansby Swanson,2023,2024,CHC,CHC,29,30,638,593,0.744,0.701,105,97,0.103,0.091,0.241,0.243,0.172,0.148,0.297,0.3,0.397,0.427,0.109,0.092,0.345,0.32
Dansby Swanson,2024,2025,CHC,CHC,30,31,593,645,0.701,0.717,97,99,0.091,0.073,0.243,0.26,0.148,0.173,0.3,0.298,0.427,0.477,0.092,0.1169999999999999,0.32,0.344
Daulton Varsho,2022,2023,ARI,TOR,25,26,592,581,0.745,0.674,106,84,0.078,0.077,0.245,0.2319999999999999,0.207,0.169,0.269,0.256,0.355,0.36,0.102,0.073,0.298,0.301
Daulton Varsho,2023,2024,TOR,TOR,26,27,581,513,0.674,0.7,84,99,0.077,0.094,0.2319999999999999,0.267,0.169,0.194,0.256,0.262,0.36,0.34,0.073,0.062,0.301,0.262
David Peralta,2021,2022,ARI,- - -,33,34,538,490,0.728,0.731,95,104,0.086,0.084,0.171,0.233,0.144,0.164,0.303,0.307,0.418,0.444,0.05,0.085,0.293,0.313
David Peralta,2022,2023,- - -,LAD,34,35,490,422,0.731,0.675,104,80,0.084,0.047,0.233,0.171,0.164,0.122,0.307,0.296,0.444,0.442,0.085,0.049,0.313,0.309
Dylan Carlson,2021,2022,STL,STL,22,23,619,488,0.78,0.695,111,98,0.092,0.092,0.246,0.193,0.172,0.144,0.332,0.281,0.311,0.272,0.07,0.044,0.322,0.301
Eduardo Escobar,2021,2022,- - -,NYM,32,33,599,542,0.786,0.726,108,104,0.08,0.074,0.207,0.238,0.219,0.19,0.279,0.281,0.345,0.376,0.089,0.094,0.328,0.314
Elly De La Cruz,2023,2024,CIN,CIN,21,22,427,696,0.71,0.809,85,119,0.0819999999999999,0.099,0.337,0.313,0.175,0.212,0.336,0.359,0.4589999999999999,0.457,0.085,0.127,0.303,0.328
Elly De La Cruz,2024,2025,CIN,CIN,22,23,696,699,0.809,0.777,119,109,0.099,0.096,0.313,0.259,0.212,0.176,0.359,0.337,0.457,0.441,0.127,0.102,0.328,0.322
Elvis Andrus,2021,2022,OAK,- - -,32,33,541,577,0.614,0.707,73,104,0.057,0.068,0.15,0.159,0.076,0.155,0.283,0.272,0.348,0.348,0.021,0.045,0.308,0.293
Elvis Andrus,2022,2023,- - -,CHW,33,34,577,406,0.707,0.662,104,82,0.068,0.062,0.159,0.175,0.155,0.107,0.272,0.294,0.348,0.31,0.045,0.026,0.293,0.267
Enrique Hernandez,2021,2022,BOS,BOS,29,30,585,402,0.786,0.629,109,74,0.104,0.085,0.188,0.177,0.199,0.116,0.278,0.257,0.432,0.35,0.084,0.0579999999999999,0.346,0.297
Enrique Hernandez,2022,2023,BOS,- - -,30,31,402,508,0.629,0.646,74,73,0.085,0.067,0.177,0.191,0.116,0.12,0.257,0.273,0.35,0.337,0.0579999999999999,0.045,0.297,0.271
Eric Hosmer,2021,2022,SDP,- - -,31,32,565,419,0.732,0.716,104,104,0.085,0.088,0.175,0.153,0.126,0.113,0.313,0.304,0.47,0.397,0.0579999999999999,0.057,0.326,0.311
Ernie Clement,2024,2025,TOR,TOR,28,29,452,588,0.692,0.711,94,98,0.024,0.046,0.091,0.104,0.145,0.121,0.266,0.296,0.249,0.26,0.038,0.024,0.286,0.29
Eugenio Suarez,2021,2022,CIN,SEA,29,30,574,629,0.713,0.791,85,132,0.098,0.1159999999999999,0.298,0.312,0.23,0.223,0.224,0.302,0.3979999999999999,0.435,0.15,0.148,0.326,0.339
Eugenio Suarez,2022,2023,SEA,SEA,30,31,629,694,0.791,0.714,132,105,0.1159999999999999,0.1009999999999999,0.312,0.308,0.223,0.159,0.302,0.314,0.435,0.43,0.148,0.132,0.339,0.323
Eugenio Suarez,2023,2024,SEA,ARI,31,32,694,640,0.714,0.788,105,115,0.1009999999999999,0.077,0.308,0.275,0.159,0.214,0.314,0.309,0.43,0.424,0.132,0.113,0.323,0.331
Eugenio Suarez,2024,2025,ARI,- - -,32,33,640,657,0.788,0.824,115,125,0.077,0.07,0.275,0.298,0.214,0.298,0.309,0.243,0.424,0.476,0.113,0.143,0.331,0.316
Ezequiel Tovar,2023,2024,COL,COL,21,22,615,695,0.695,0.763,72,94,0.0409999999999999,0.033,0.27,0.288,0.155,0.2,0.328,0.344,0.362,0.397,0.081,0.09,0.291,0.289
Fernando Tatis Jr.,2023,2024,SDP,SDP,24,25,635,438,0.77,0.833,111,135,0.083,0.073,0.222,0.2189999999999999,0.191,0.216,0.299,0.316,0.493,0.5579999999999999,0.11,0.145,0.363,0.387
Fernando Tatis Jr.,2024,2025,SDP,SDP,25,26,438,691,0.833,0.814,135,131,0.073,0.129,0.2189999999999999,0.187,0.216,0.178,0.316,0.303,0.5579999999999999,0.518,0.145,0.109,0.387,0.368
Francisco Lindor,2021,2022,NYM,NYM,27,28,524,706,0.734,0.788,101,124,0.111,0.084,0.183,0.188,0.181,0.179,0.248,0.301,0.441,0.413,0.0819999999999999,0.083,0.344,0.331
Francisco Lindor,2022,2023,NYM,NYM,28,29,706,687,0.788,0.806,124,120,0.084,0.096,0.188,0.1989999999999999,0.179,0.216,0.301,0.277,0.413,0.439,0.083,0.104,0.331,0.345
Francisco Lindor,2023,2024,NYM,NYM,29,30,687,689,0.806,0.844,120,137,0.096,0.081,0.1989999999999999,0.184,0.216,0.227,0.277,0.295,0.439,0.474,0.104,0.136,0.345,0.379
Francisco Lindor,2024,2025,NYM,NYM,30,31,689,732,0.844,0.811,137,129,0.081,0.089,0.184,0.179,0.227,0.199,0.295,0.288,0.474,0.444,0.136,0.088,0.379,0.345
Franmil Reyes,2021,2022,CLE,- - -,25,26,466,473,0.846,0.638,128,81,0.092,0.063,0.32,0.332,0.268,0.144,0.314,0.307,0.485,0.4579999999999999,0.1689999999999999,0.113,0.353,0.275
Freddie Freeman,2021,2022,ATL,LAD,31,32,695,708,0.896,0.918,136,157,0.122,0.119,0.154,0.144,0.203,0.186,0.321,0.359,0.461,0.478,0.115,0.099,0.413,0.4
Freddie Freeman,2022,2023,LAD,LAD,32,33,708,730,0.918,0.976,157,161,0.119,0.099,0.144,0.166,0.186,0.235,0.359,0.37,0.478,0.422,0.099,0.111,0.4,0.406
Freddie Freeman,2023,2024,LAD,LAD,33,34,730,638,0.976,0.854,161,136,0.099,0.122,0.166,0.157,0.235,0.194,0.37,0.306,0.422,0.418,0.111,0.091,0.406,0.364
Freddie Freeman,2024,2025,LAD,LAD,34,35,638,627,0.854,0.869,136,139,0.122,0.096,0.157,0.204,0.194,0.207,0.306,0.342,0.418,0.457,0.091,0.104,0.364,0.349
Garrett Cooper,2022,2023,MIA,- - -,31,32,469,457,0.752,0.724,110,95,0.085,0.068,0.254,0.289,0.155,0.168,0.34,0.324,0.437,0.411,0.107,0.103,0.341,0.318
Gary Sanchez,2021,2022,NYY,MIN,28,29,440,471,0.73,0.659,101,88,0.118,0.085,0.275,0.289,0.219,0.172,0.23,0.257,0.42,0.493,0.1369999999999999,0.135,0.336,0.321
Gavin Lux,2024,2025,LAD,CIN,26,27,487,503,0.703,0.724,98,102,0.09,0.111,0.226,0.2269999999999999,0.132,0.105,0.312,0.351,0.411,0.369,0.06,0.036,0.315,0.296
Gavin Sheets,2024,2025,CHW,SDP,28,29,501,545,0.66,0.746,88,111,0.086,0.081,0.212,0.196,0.124,0.177,0.281,0.284,0.353,0.465,0.057,0.095,0.308,0.339
George Springer,2022,2023,TOR,TOR,32,33,583,683,0.814,0.732,133,103,0.093,0.088,0.172,0.183,0.205,0.147,0.285,0.291,0.419,0.3979999999999999,0.083,0.077,0.342,0.332
George Springer,2023,2024,TOR,TOR,33,34,683,614,0.732,0.674,103,94,0.088,0.098,0.183,0.187,0.147,0.15,0.291,0.245,0.3979999999999999,0.372,0.077,0.092,0.332,0.322
George Springer,2024,2025,TOR,TOR,34,35,614,586,0.674,0.959,94,166,0.098,0.118,0.187,0.1889999999999999,0.15,0.251,0.245,0.34,0.372,0.467,0.092,0.158,0.322,0.404
Geraldo Perdomo,2022,2023,ARI,ARI,22,23,500,495,0.547,0.712,59,98,0.1,0.129,0.206,0.174,0.067,0.113,0.243,0.295,0.251,0.195,0.02,0.009,0.269,0.275
Giancarlo Stanton,2021,2022,NYY,NYY,31,32,579,452,0.87,0.759,138,113,0.109,0.111,0.271,0.303,0.243,0.251,0.324,0.227,0.556,0.521,0.157,0.192,0.363,0.35
Giancarlo Stanton,2022,2023,NYY,NYY,32,33,452,415,0.759,0.695,113,88,0.111,0.099,0.303,0.299,0.251,0.229,0.227,0.21,0.521,0.484,0.192,0.157,0.35,0.325
Giancarlo Stanton,2023,2024,NYY,NYY,33,34,415,459,0.695,0.773,88,117,0.099,0.083,0.299,0.312,0.229,0.242,0.21,0.281,0.484,0.551,0.157,0.207,0.325,0.352
Gio Urshela,2021,2022,NYY,MIN,29,30,442,551,0.72,0.767,97,118,0.045,0.074,0.247,0.174,0.152,0.144,0.329,0.326,0.42,0.376,0.08,0.07,0.304,0.323
Gleyber Torres,2021,2022,NYY,NYY,24,25,516,572,0.697,0.761,96,114,0.0969999999999999,0.068,0.2019999999999999,0.226,0.107,0.194,0.314,0.295,0.357,0.451,0.078,0.107,0.331,0.319
Gleyber Torres,2022,2023,NYY,NYY,25,26,572,672,0.761,0.8,114,122,0.068,0.1,0.226,0.146,0.194,0.18,0.295,0.288,0.451,0.4029999999999999,0.107,0.079,0.319,0.361
Gleyber Torres,2023,2024,NYY,NYY,26,27,672,665,0.8,0.709,122,105,0.1,0.098,0.146,0.205,0.18,0.121,0.288,0.306,0.4029999999999999,0.354,0.079,0.063,0.361,0.307
Gleyber Torres,2024,2025,NYY,DET,27,28,665,628,0.709,0.745,105,113,0.098,0.135,0.205,0.161,0.121,0.132,0.306,0.284,0.354,0.39,0.063,0.0819999999999999,0.307,0.362
Gunnar Henderson,2023,2024,BAL,BAL,22,23,622,719,0.814,0.893,122,154,0.09,0.108,0.256,0.221,0.234,0.248,0.306,0.32,0.52,0.539,0.114,0.1119999999999999,0.345,0.373
Gunnar Henderson,2024,2025,BAL,BAL,23,24,719,651,0.893,0.787,154,120,0.108,0.095,0.221,0.21,0.248,0.165,0.32,0.329,0.539,0.49,0.1119999999999999,0.085,0.373,0.339
Ha-seong Kim,2022,2023,SDP,SDP,26,27,582,626,0.708,0.749,105,110,0.088,0.12,0.172,0.198,0.132,0.138,0.29,0.306,0.3229999999999999,0.267,0.042,0.042,0.309,0.312
Ha-seong Kim,2023,2024,SDP,SDP,27,28,626,470,0.749,0.7,110,101,0.12,0.123,0.198,0.1639999999999999,0.138,0.136,0.306,0.261,0.267,0.354,0.042,0.048,0.312,0.313
Harold Ramirez,2022,2023,TBR,TBR,27,28,435,434,0.747,0.813,118,127,0.044,0.051,0.166,0.182,0.104,0.148,0.35,0.359,0.412,0.407,0.048,0.046,0.31,0.319
Harrison Bader,2024,2025,NYM,- - -,30,31,437,501,0.657,0.796,85,122,0.048,0.078,0.217,0.271,0.137,0.172,0.276,0.359,0.355,0.4029999999999999,0.064,0.102,0.295,0.295
Heliot Ramos,2024,2025,SFG,SFG,24,25,518,695,0.792,0.728,120,106,0.071,0.075,0.261,0.2269999999999999,0.2,0.144,0.329,0.309,0.474,0.474,0.145,0.088,0.339,0.32
Hunter Dozier,2021,2022,KCR,KCR,29,30,543,500,0.68,0.679,80,88,0.079,0.068,0.284,0.25,0.179,0.152,0.276,0.298,0.422,0.385,0.088,0.077,0.299,0.301
Hunter Renfroe,2021,2022,BOS,MIL,29,30,572,522,0.816,0.807,113,124,0.077,0.075,0.2269999999999999,0.2319999999999999,0.242,0.236,0.284,0.281,0.4429999999999999,0.436,0.144,0.109,0.354,0.323
Hunter Renfroe,2022,2023,MIL,- - -,30,31,522,548,0.807,0.713,124,93,0.075,0.08,0.2319999999999999,0.228,0.236,0.183,0.281,0.27,0.436,0.3879999999999999,0.109,0.061,0.323,0.289
Hunter Renfroe,2023,2024,- - -,KCR,31,32,548,424,0.713,0.689,93,93,0.08,0.085,0.228,0.198,0.183,0.164,0.27,0.254,0.3879999999999999,0.3939999999999999,0.061,0.066,0.289,0.291
Ian Happ,2021,2022,CHC,CHC,26,27,535,641,0.757,0.781,105,122,0.1159999999999999,0.09,0.292,0.2319999999999999,0.209,0.169,0.281,0.336,0.413,0.402,0.109,0.065,0.317,0.307
Ian Happ,2022,2023,CHC,CHC,27,28,641,691,0.781,0.791,122,118,0.09,0.143,0.2319999999999999,0.221,0.169,0.183,0.336,0.299,0.402,0.39,0.065,0.09,0.307,0.35
Ian Happ,2023,2024,CHC,CHC,28,29,691,657,0.791,0.782,118,121,0.143,0.122,0.221,0.256,0.183,0.199,0.299,0.299,0.39,0.452,0.09,0.1169999999999999,0.35,0.345
Ian Happ,2024,2025,CHC,CHC,29,30,657,663,0.782,0.762,121,116,0.122,0.131,0.256,0.228,0.199,0.178,0.299,0.288,0.452,0.444,0.1169999999999999,0.104,0.345,0.352
Isaac Paredes,2023,2024,TBR,- - -,24,25,571,641,0.84,0.739,136,116,0.102,0.119,0.182,0.1639999999999999,0.238,0.155,0.257,0.259,0.285,0.271,0.059,0.045,0.315,0.304
Isaac Paredes,2024,2025,- - -,HOU,25,26,641,438,0.739,0.809,116,128,0.119,0.114,0.1639999999999999,0.174,0.155,0.204,0.259,0.268,0.271,0.336,0.045,0.063,0.304,0.318
Isiah Kiner-Falefa,2021,2022,TEX,NYY,26,27,677,531,0.67,0.642,84,84,0.0409999999999999,0.066,0.133,0.136,0.087,0.066,0.304,0.296,0.288,0.301,0.018,0.012,0.292,0.29
Isiah Kiner-Falefa,2024,2025,- - -,- - -,29,30,496,459,0.683,0.631,93,75,0.032,0.037,0.157,0.168,0.108,0.072,0.307,0.314,0.296,0.275,0.023,0.0139999999999999,0.283,0.261
J.D. Martinez,2021,2022,BOS,BOS,33,34,634,596,0.867,0.79,126,119,0.087,0.087,0.237,0.243,0.232,0.174,0.34,0.345,0.493,0.416,0.124,0.124,0.374,0.348
J.D. Martinez,2022,2023,BOS,LAD,34,35,596,479,0.79,0.893,119,133,0.087,0.071,0.243,0.311,0.174,0.301,0.345,0.324,0.416,0.5479999999999999,0.124,0.17,0.348,0.37
J.D. Martinez,2023,2024,LAD,NYM,35,36,479,495,0.893,0.725,133,107,0.071,0.099,0.311,0.285,0.301,0.171,0.324,0.308,0.5479999999999999,0.455,0.17,0.147,0.37,0.351
J.P. Crawford,2021,2022,SEA,SEA,26,27,687,603,0.715,0.675,103,105,0.084,0.113,0.166,0.133,0.103,0.093,0.32,0.275,0.306,0.297,0.024,0.02,0.298,0.315
J.P. Crawford,2022,2023,SEA,SEA,27,28,603,638,0.675,0.818,105,136,0.113,0.147,0.133,0.196,0.093,0.172,0.275,0.314,0.297,0.362,0.02,0.048,0.315,0.34
J.P. Crawford,2023,2024,SEA,SEA,28,29,638,451,0.818,0.625,136,90,0.147,0.115,0.196,0.226,0.172,0.12,0.314,0.248,0.362,0.3779999999999999,0.048,0.065,0.34,0.309
J.P. Crawford,2024,2025,SEA,SEA,29,30,451,654,0.625,0.722,90,113,0.115,0.113,0.226,0.187,0.12,0.105,0.248,0.318,0.3779999999999999,0.347,0.065,0.048,0.309,0.328
J.T. Realmuto,2021,2022,PHI,PHI,30,31,537,562,0.782,0.82,109,129,0.089,0.073,0.24,0.212,0.176,0.202,0.325,0.318,0.447,0.472,0.086,0.113,0.329,0.351
J.T. Realmuto,2022,2023,PHI,PHI,31,32,562,540,0.82,0.762,129,101,0.073,0.065,0.212,0.256,0.202,0.2,0.318,0.307,0.472,0.43,0.113,0.1119999999999999,0.351,0.334
J.T. Realmuto,2023,2024,PHI,PHI,32,33,540,413,0.762,0.751,101,107,0.065,0.065,0.256,0.247,0.2,0.163,0.307,0.328,0.43,0.466,0.1119999999999999,0.104,0.334,0.339
J.T. Realmuto,2024,2025,PHI,PHI,33,34,413,550,0.751,0.7,107,94,0.065,0.064,0.247,0.235,0.163,0.127,0.328,0.321,0.466,0.4539999999999999,0.104,0.088,0.339,0.315
Jackson Chourio,2024,2025,MIL,MIL,20,21,573,589,0.791,0.77,118,111,0.068,0.051,0.211,0.205,0.189,0.193,0.32,0.308,0.449,0.423,0.078,0.0969999999999999,0.328,0.305
Jackson Merrill,2024,2025,SDP,SDP,21,22,593,483,0.826,0.774,130,116,0.049,0.068,0.17,0.2239999999999999,0.208,0.193,0.318,0.312,0.439,0.429,0.113,0.13,0.372,0.348
Jake Burger,2023,2024,- - -,MIA,27,28,540,579,0.828,0.76,121,107,0.059,0.054,0.276,0.259,0.268,0.209,0.284,0.292,0.496,0.4679999999999999,0.1669999999999999,0.123,0.359,0.338
Jake Cronenworth,2021,2022,SDP,SDP,27,28,643,684,0.8,0.722,117,109,0.086,0.102,0.14,0.192,0.194,0.152,0.283,0.275,0.346,0.3379999999999999,0.072,0.0559999999999999,0.344,0.303
Jake Cronenworth,2022,2023,SDP,SDP,28,29,684,522,0.722,0.689,109,91,0.102,0.088,0.192,0.186,0.152,0.148,0.275,0.267,0.3379999999999999,0.332,0.0559999999999999,0.043,0.303,0.305
Jake Cronenworth,2023,2024,SDP,SDP,29,30,522,656,0.689,0.714,91,105,0.088,0.093,0.186,0.18,0.148,0.149,0.267,0.274,0.332,0.365,0.043,0.077,0.305,0.335
Jake Cronenworth,2024,2025,SDP,SDP,30,31,656,515,0.714,0.744,105,117,0.093,0.134,0.18,0.208,0.149,0.131,0.274,0.299,0.365,0.389,0.077,0.062,0.335,0.318
Jared Walsh,2021,2022,LAA,LAA,27,28,585,454,0.85,0.642,126,77,0.0819999999999999,0.059,0.26,0.304,0.232,0.158,0.335,0.281,0.412,0.425,0.113,0.095,0.326,0.28
Jarred Kelenic,2023,2024,SEA,ATL,23,24,416,449,0.746,0.679,110,87,0.099,0.071,0.317,0.296,0.167,0.163,0.359,0.3,0.455,0.452,0.095,0.099,0.333,0.308
Jarren Duran,2024,2025,BOS,BOS,27,28,735,696,0.834,0.774,131,111,0.073,0.086,0.218,0.243,0.207,0.185,0.345,0.326,0.439,0.4679999999999999,0.093,0.0969999999999999,0.338,0.325
Javier Baez,2021,2022,- - -,DET,28,29,547,590,0.813,0.671,117,89,0.051,0.044,0.336,0.249,0.229,0.155,0.352,0.292,0.45,0.38,0.134,0.08,0.321,0.281
Javier Baez,2022,2023,DET,DET,29,30,590,547,0.671,0.593,89,61,0.044,0.044,0.249,0.2289999999999999,0.155,0.104,0.292,0.274,0.38,0.3929999999999999,0.08,0.051,0.281,0.279
Jazz Chisholm Jr.,2024,2025,- - -,NYY,26,27,621,531,0.76,0.813,111,126,0.085,0.109,0.245,0.2789999999999999,0.18,0.238,0.309,0.282,0.41,0.433,0.0969999999999999,0.15,0.316,0.346
Jeff McNeil,2021,2022,NYM,NYM,29,30,426,589,0.679,0.836,91,140,0.068,0.068,0.136,0.104,0.109,0.128,0.28,0.353,0.3339999999999999,0.302,0.043,0.027,0.315,0.323
Jeff McNeil,2022,2023,NYM,NYM,30,31,589,648,0.836,0.711,140,99,0.068,0.06,0.104,0.1,0.128,0.108,0.353,0.288,0.302,0.2739999999999999,0.027,0.013,0.323,0.294
Jeff McNeil,2023,2024,NYM,NYM,31,32,648,472,0.711,0.692,99,97,0.06,0.074,0.1,0.144,0.108,0.146,0.288,0.256,0.2739999999999999,0.311,0.013,0.031,0.294,0.288
Jeff McNeil,2024,2025,NYM,NYM,32,33,472,462,0.692,0.746,97,111,0.074,0.106,0.144,0.119,0.146,0.168,0.256,0.253,0.311,0.3289999999999999,0.031,0.051,0.288,0.327
Jeimer Candelario,2021,2022,DET,DET,27,28,626,467,0.795,0.633,119,80,0.104,0.06,0.216,0.233,0.172,0.145,0.333,0.257,0.391,0.346,0.09,0.083,0.356,0.292
Jeimer Candelario,2022,2023,DET,- - -,28,29,467,576,0.633,0.807,80,118,0.06,0.092,0.233,0.22,0.145,0.22,0.257,0.292,0.346,0.363,0.083,0.078,0.292,0.318
Jeimer Candelario,2023,2024,- - -,CIN,29,30,576,463,0.807,0.707,118,89,0.092,0.0579999999999999,0.22,0.246,0.22,0.204,0.292,0.257,0.363,0.345,0.078,0.0819999999999999,0.318,0.28
Jeremy Pena,2022,2023,HOU,HOU,24,25,558,634,0.715,0.705,102,96,0.039,0.068,0.242,0.203,0.173,0.118,0.298,0.323,0.365,0.355,0.096,0.04,0.304,0.309
Jeremy Pena,2023,2024,HOU,HOU,25,26,634,650,0.705,0.701,96,99,0.068,0.038,0.203,0.171,0.118,0.128,0.323,0.301,0.355,0.3879999999999999,0.04,0.054,0.309,0.31
Jeremy Pena,2024,2025,HOU,HOU,26,27,650,543,0.701,0.84,99,135,0.038,0.064,0.171,0.171,0.128,0.172,0.301,0.345,0.3879999999999999,0.429,0.054,0.0819999999999999,0.31,0.333
Jesse Winker,2021,2022,CIN,SEA,27,28,485,547,0.949,0.688,148,110,0.109,0.154,0.155,0.188,0.251,0.125,0.324,0.251,0.471,0.3429999999999999,0.1119999999999999,0.076,0.39,0.345
Jesus Aguilar,2021,2022,MIA,- - -,31,32,510,507,0.788,0.661,107,82,0.09,0.055,0.182,0.235,0.198,0.144,0.279,0.278,0.405,0.36,0.084,0.067,0.334,0.298
Jesus Sanchez,2023,2024,MIA,MIA,25,26,402,537,0.777,0.731,108,101,0.095,0.076,0.266,0.261,0.197,0.166,0.321,0.315,0.4629999999999999,0.511,0.122,0.122,0.349,0.343
Jesus Sanchez,2024,2025,MIA,- - -,26,27,537,497,0.731,0.699,101,93,0.076,0.085,0.261,0.221,0.166,0.157,0.315,0.283,0.511,0.434,0.122,0.111,0.343,0.322
Jo Adell,2024,2025,LAA,LAA,25,26,451,573,0.682,0.778,91,112,0.078,0.0579999999999999,0.2789999999999999,0.264,0.195,0.249,0.244,0.257,0.445,0.496,0.1169999999999999,0.172,0.312,0.362
Joc Pederson,2021,2022,- - -,SFG,29,30,481,433,0.732,0.874,96,144,0.081,0.0969999999999999,0.243,0.231,0.184,0.247,0.281,0.31,0.476,0.521,0.1009999999999999,0.151,0.33,0.364
Joc Pederson,2022,2023,SFG,SFG,30,31,433,425,0.874,0.764,144,109,0.0969999999999999,0.134,0.231,0.209,0.247,0.182,0.31,0.268,0.521,0.522,0.151,0.121,0.364,0.364
Joc Pederson,2023,2024,SFG,ARI,31,32,425,449,0.764,0.908,109,152,0.134,0.122,0.209,0.2339999999999999,0.182,0.24,0.268,0.322,0.522,0.4539999999999999,0.121,0.125,0.364,0.378
Joey Gallo,2021,2022,- - -,- - -,27,28,616,410,0.808,0.638,123,84,0.18,0.1369999999999999,0.346,0.3979999999999999,0.259,0.197,0.246,0.219,0.455,0.505,0.185,0.176,0.351,0.294
Joey Ortiz,2024,2025,MIL,MIL,25,26,511,506,0.726,0.593,105,67,0.11,0.053,0.2019999999999999,0.146,0.159,0.087,0.283,0.26,0.384,0.3279999999999999,0.046,0.03,0.305,0.273
Jon Berti,2022,2023,MIA,MIA,32,33,404,424,0.662,0.748,88,102,0.104,0.068,0.22,0.182,0.098,0.111,0.308,0.349,0.37,0.313,0.059,0.047,0.306,0.324
Jonah Heim,2022,2023,TEX,TEX,27,28,450,501,0.697,0.755,99,107,0.091,0.08,0.193,0.192,0.172,0.179,0.249,0.289,0.3989999999999999,0.385,0.069,0.08,0.291,0.325
Jonah Heim,2023,2024,TEX,TEX,28,29,501,491,0.755,0.602,107,72,0.08,0.053,0.192,0.183,0.179,0.115,0.289,0.246,0.385,0.364,0.08,0.059,0.325,0.277
Jonah Heim,2024,2025,TEX,TEX,29,30,491,433,0.602,0.602,72,69,0.053,0.074,0.183,0.203,0.115,0.119,0.246,0.243,0.364,0.359,0.059,0.061,0.277,0.272
Jonathan India,2021,2022,CIN,CIN,24,25,631,431,0.835,0.705,122,95,0.113,0.072,0.223,0.218,0.19,0.13,0.326,0.305,0.386,0.288,0.096,0.048,0.352,0.302
Jonathan India,2022,2023,CIN,CIN,25,26,431,529,0.705,0.746,95,100,0.072,0.098,0.218,0.206,0.13,0.163,0.305,0.281,0.288,0.386,0.048,0.077,0.302,0.339
Jonathan India,2023,2024,CIN,CIN,26,27,529,637,0.746,0.75,100,109,0.098,0.126,0.206,0.196,0.163,0.144,0.281,0.293,0.386,0.365,0.077,0.077,0.339,0.352
Jonathan India,2024,2025,CIN,KCR,27,28,637,567,0.75,0.669,109,89,0.126,0.095,0.196,0.187,0.144,0.113,0.293,0.279,0.365,0.368,0.077,0.0579999999999999,0.352,0.313
Jonathan Schoop,2021,2022,DET,DET,29,30,674,510,0.755,0.561,105,57,0.055,0.037,0.1969999999999999,0.21,0.157,0.121,0.317,0.234,0.402,0.386,0.068,0.048,0.311,0.268
Jorge Polanco,2021,2022,MIN,MIN,27,28,644,445,0.826,0.751,124,118,0.07,0.144,0.183,0.213,0.235,0.171,0.282,0.269,0.374,0.387,0.1009999999999999,0.102,0.348,0.358
Jorge Polanco,2024,2025,SEA,SEA,30,31,469,524,0.651,0.821,93,132,0.098,0.08,0.292,0.156,0.141,0.229,0.274,0.269,0.372,0.4579999999999999,0.089,0.103,0.309,0.341
Jorge Soler,2023,2024,MIA,- - -,31,32,580,574,0.853,0.78,126,120,0.114,0.118,0.243,0.246,0.262,0.201,0.272,0.293,0.48,0.437,0.15,0.125,0.374,0.347
Jose Abreu,2021,2022,CHW,CHW,34,35,659,679,0.831,0.824,125,137,0.093,0.091,0.217,0.162,0.219,0.141,0.293,0.35,0.492,0.517,0.102,0.095,0.348,0.373
Jose Abreu,2022,2023,CHW,HOU,35,36,679,594,0.824,0.68,137,86,0.091,0.071,0.162,0.2189999999999999,0.141,0.146,0.35,0.276,0.517,0.416,0.095,0.087,0.373,0.315
Jose Altuve,2021,2022,HOU,HOU,31,32,678,604,0.839,0.921,128,164,0.0969999999999999,0.109,0.134,0.144,0.211,0.233,0.28,0.315,0.35,0.297,0.064,0.077,0.332,0.354
Jose Altuve,2022,2023,HOU,HOU,32,33,604,410,0.921,0.915,164,154,0.109,0.107,0.144,0.173,0.233,0.211,0.315,0.348,0.297,0.314,0.077,0.083,0.354,0.332
Jose Altuve,2023,2024,HOU,HOU,33,34,410,682,0.915,0.79,154,127,0.107,0.069,0.173,0.174,0.211,0.145,0.348,0.337,0.314,0.312,0.083,0.065,0.332,0.316
Jose Altuve,2024,2025,HOU,HOU,34,35,682,654,0.79,0.771,127,113,0.069,0.084,0.174,0.1669999999999999,0.145,0.177,0.337,0.283,0.312,0.309,0.065,0.062,0.316,0.301
Jose Iglesias,2021,2022,- - -,COL,31,32,511,467,0.701,0.708,89,87,0.0409999999999999,0.036,0.147,0.12,0.12,0.089,0.305,0.326,0.286,0.2769999999999999,0.034,0.005,0.297,0.281
Jose Ramirez,2021,2022,CLE,CLE,28,29,636,685,0.893,0.869,140,140,0.113,0.1009999999999999,0.1369999999999999,0.12,0.272,0.235,0.256,0.279,0.423,0.369,0.111,0.066,0.376,0.32
Jose Ramirez,2022,2023,CLE,CLE,29,30,685,691,0.869,0.831,140,122,0.1009999999999999,0.106,0.12,0.106,0.235,0.193,0.279,0.285,0.369,0.4039999999999999,0.066,0.07,0.32,0.359
Jose Ramirez,2023,2024,CLE,CLE,30,31,691,682,0.831,0.872,122,141,0.106,0.079,0.106,0.12,0.193,0.258,0.285,0.265,0.4039999999999999,0.396,0.07,0.086,0.359,0.329
Jose Ramirez,2024,2025,CLE,CLE,31,32,682,673,0.872,0.863,141,133,0.079,0.098,0.12,0.11,0.258,0.219,0.265,0.279,0.396,0.37,0.086,0.07,0.329,0.342
Josh Bell,2021,2022,WSN,- - -,28,29,568,647,0.823,0.784,119,124,0.114,0.125,0.178,0.158,0.215,0.156,0.276,0.296,0.52,0.405,0.088,0.072,0.362,0.346
Josh Bell,2022,2023,- - -,- - -,29,30,647,617,0.784,0.744,124,104,0.125,0.102,0.158,0.217,0.156,0.172,0.296,0.287,0.405,0.428,0.072,0.1,0.346,0.342
Josh Bell,2023,2024,- - -,- - -,30,31,617,603,0.744,0.725,104,101,0.102,0.085,0.217,0.1989999999999999,0.172,0.156,0.287,0.286,0.428,0.397,0.1,0.075,0.342,0.307
Josh Bell,2024,2025,- - -,WSN,31,32,603,533,0.725,0.741,101,107,0.085,0.107,0.1989999999999999,0.165,0.156,0.179,0.286,0.247,0.397,0.47,0.075,0.12,0.307,0.359
Josh Donaldson,2021,2022,MIN,NYY,35,36,543,546,0.827,0.682,126,96,0.136,0.099,0.21,0.271,0.228,0.153,0.268,0.283,0.527,0.432,0.174,0.098,0.388,0.299
Josh Harrison,2021,2022,- - -,CHW,33,34,558,425,0.741,0.687,104,97,0.0559999999999999,0.049,0.134,0.1669999999999999,0.121,0.114,0.313,0.297,0.325,0.3229999999999999,0.044,0.038,0.333,0.284
Josh Naylor,2022,2023,CLE,CLE,25,26,498,495,0.771,0.842,118,127,0.076,0.067,0.161,0.1369999999999999,0.196,0.181,0.268,0.326,0.428,0.412,0.086,0.0819999999999999,0.327,0.346
Josh Naylor,2023,2024,CLE,CLE,26,27,495,633,0.842,0.776,127,118,0.067,0.092,0.1369999999999999,0.166,0.181,0.213,0.326,0.246,0.412,0.408,0.0819999999999999,0.084,0.346,0.334
Josh Naylor,2024,2025,CLE,- - -,27,28,633,604,0.776,0.816,118,128,0.092,0.079,0.166,0.1369999999999999,0.213,0.168,0.246,0.315,0.408,0.416,0.084,0.066,0.334,0.332
Josh Rojas,2021,2022,ARI,ARI,27,28,550,510,0.752,0.739,103,109,0.105,0.108,0.249,0.192,0.147,0.122,0.345,0.323,0.307,0.361,0.048,0.045,0.295,0.305
Josh Smith,2024,2025,TEX,TEX,26,27,592,563,0.731,0.7,112,100,0.078,0.098,0.204,0.178,0.136,0.115,0.311,0.295,0.371,0.31,0.037,0.05,0.304,0.313
Juan Soto,2021,2022,WSN,- - -,22,23,654,664,0.999,0.853,164,146,0.222,0.203,0.142,0.145,0.221,0.21,0.332,0.249,0.527,0.473,0.133,0.124,0.429,0.401
Juan Soto,2022,2023,- - -,SDP,23,24,664,708,0.853,0.93,146,154,0.203,0.186,0.145,0.182,0.21,0.245,0.249,0.296,0.473,0.5529999999999999,0.124,0.13,0.401,0.407
Juan Soto,2023,2024,SDP,NYY,24,25,708,713,0.93,0.989,154,181,0.186,0.181,0.182,0.1669999999999999,0.245,0.281,0.296,0.298,0.5529999999999999,0.568,0.13,0.1969999999999999,0.407,0.463
Juan Soto,2024,2025,NYY,NYM,25,26,713,715,0.989,0.921,181,156,0.181,0.178,0.1669999999999999,0.192,0.281,0.262,0.298,0.27,0.568,0.551,0.1969999999999999,0.181,0.463,0.427
Julio Rodriguez,2022,2023,SEA,SEA,21,22,560,714,0.853,0.818,148,128,0.071,0.066,0.259,0.245,0.225,0.209,0.345,0.33,0.507,0.52,0.131,0.119,0.337,0.344
Julio Rodriguez,2023,2024,SEA,SEA,22,23,714,613,0.818,0.734,128,116,0.066,0.062,0.245,0.254,0.209,0.136,0.33,0.344,0.52,0.484,0.119,0.102,0.344,0.344
Julio Rodriguez,2024,2025,SEA,SEA,23,24,613,710,0.734,0.798,116,126,0.062,0.062,0.254,0.214,0.136,0.207,0.344,0.302,0.484,0.48,0.102,0.098,0.344,0.345
Jurickson Profar,2021,2022,SDP,SDP,28,29,412,658,0.649,0.723,87,110,0.119,0.111,0.158,0.157,0.093,0.148,0.266,0.272,0.301,0.3429999999999999,0.027,0.04,0.302,0.315
Jurickson Profar,2022,2023,SDP,- - -,29,30,658,521,0.723,0.689,110,78,0.111,0.096,0.157,0.173,0.148,0.126,0.272,0.279,0.3429999999999999,0.317,0.04,0.04,0.315,0.306
Jurickson Profar,2023,2024,- - -,SDP,30,31,521,668,0.689,0.839,78,139,0.096,0.114,0.173,0.151,0.126,0.179,0.279,0.302,0.317,0.444,0.04,0.072,0.306,0.364
Justin Turner,2021,2022,LAD,LAD,36,37,612,532,0.832,0.788,126,123,0.1,0.094,0.16,0.1669999999999999,0.193,0.16,0.292,0.313,0.424,0.406,0.079,0.08,0.359,0.339
Justin Turner,2022,2023,LAD,BOS,37,38,532,626,0.788,0.8,123,116,0.094,0.081,0.1669999999999999,0.176,0.16,0.179,0.313,0.304,0.406,0.39,0.08,0.057,0.339,0.336
Justin Turner,2023,2024,BOS,- - -,38,39,626,539,0.8,0.737,116,116,0.081,0.109,0.176,0.176,0.179,0.124,0.304,0.299,0.39,0.325,0.057,0.046,0.336,0.328
Ke'Bryan Hayes,2022,2023,PIT,PIT,25,26,560,525,0.659,0.762,86,101,0.086,0.053,0.218,0.198,0.101,0.182,0.307,0.315,0.4679999999999999,0.483,0.039,0.074,0.3,0.321
Keibert Ruiz,2022,2023,WSN,WSN,23,24,433,562,0.673,0.717,92,93,0.069,0.055,0.115,0.103,0.109,0.149,0.271,0.263,0.3229999999999999,0.319,0.037,0.0579999999999999,0.328,0.322
Keibert Ruiz,2023,2024,WSN,WSN,24,25,562,485,0.717,0.619,93,70,0.055,0.033,0.103,0.111,0.149,0.131,0.263,0.232,0.319,0.256,0.0579999999999999,0.032,0.322,0.279
Ketel Marte,2022,2023,ARI,ARI,28,29,558,650,0.727,0.844,102,126,0.099,0.109,0.181,0.168,0.167,0.209,0.276,0.3,0.419,0.428,0.061,0.08,0.315,0.342
Ketel Marte,2023,2024,ARI,ARI,29,30,650,583,0.844,0.932,126,152,0.109,0.111,0.168,0.182,0.209,0.268,0.3,0.299,0.428,0.536,0.08,0.123,0.342,0.392
Ketel Marte,2024,2025,ARI,ARI,30,31,583,556,0.932,0.893,152,145,0.111,0.115,0.182,0.149,0.268,0.233,0.299,0.29,0.536,0.47,0.123,0.135,0.392,0.389
Kolten Wong,2021,2022,MIL,MIL,30,31,492,497,0.783,0.77,109,117,0.063,0.093,0.1689999999999999,0.177,0.175,0.179,0.305,0.28,0.348,0.355,0.055,0.054,0.308,0.305
Kyle Farmer,2021,2022,CIN,CIN,30,31,529,583,0.732,0.701,91,92,0.042,0.057,0.183,0.17,0.153,0.131,0.296,0.286,0.319,0.336,0.043,0.044,0.302,0.312
Kyle Isbel,2024,2025,KCR,KCR,27,28,426,409,0.654,0.654,82,79,0.063,0.0559999999999999,0.207,0.181,0.138,0.098,0.276,0.307,0.363,0.361,0.039,0.016,0.281,0.249
Kyle Schwarber,2021,2022,- - -,PHI,28,29,471,669,0.928,0.827,145,129,0.136,0.129,0.27,0.299,0.288,0.286,0.306,0.24,0.522,0.544,0.175,0.201,0.399,0.375
Kyle Schwarber,2022,2023,PHI,PHI,29,30,669,720,0.827,0.817,129,118,0.129,0.175,0.299,0.299,0.286,0.277,0.24,0.209,0.544,0.488,0.201,0.1639999999999999,0.375,0.364
Kyle Schwarber,2023,2024,PHI,PHI,30,31,720,692,0.817,0.851,118,134,0.175,0.153,0.299,0.285,0.277,0.237,0.209,0.301,0.488,0.5489999999999999,0.1639999999999999,0.156,0.364,0.379
Kyle Schwarber,2024,2025,PHI,PHI,31,32,692,724,0.851,0.928,134,152,0.153,0.149,0.285,0.272,0.237,0.323,0.301,0.253,0.5489999999999999,0.596,0.156,0.208,0.379,0.402
Kyle Tucker,2021,2022,HOU,HOU,24,25,567,609,0.917,0.808,146,130,0.093,0.0969999999999999,0.159,0.156,0.263,0.221,0.304,0.261,0.473,0.421,0.1159999999999999,0.1009999999999999,0.396,0.353
Kyle Tucker,2022,2023,HOU,HOU,25,26,609,674,0.808,0.886,130,139,0.0969999999999999,0.119,0.156,0.136,0.221,0.233,0.261,0.289,0.421,0.4529999999999999,0.1009999999999999,0.104,0.353,0.386
LaMonte Wade Jr.,2023,2024,SFG,SFG,29,30,519,401,0.79,0.761,120,119,0.146,0.155,0.183,0.2239999999999999,0.161,0.121,0.29,0.331,0.3979999999999999,0.441,0.091,0.094,0.359,0.354
Lane Thomas,2022,2023,WSN,WSN,26,27,548,682,0.705,0.783,98,109,0.075,0.053,0.241,0.258,0.163,0.201,0.291,0.325,0.345,0.407,0.065,0.096,0.286,0.319
Lane Thomas,2023,2024,WSN,- - -,27,28,682,528,0.783,0.709,109,99,0.053,0.083,0.258,0.259,0.201,0.163,0.325,0.298,0.407,0.406,0.096,0.074,0.319,0.307
Lars Nootbaar,2023,2024,STL,STL,25,26,503,405,0.784,0.758,118,114,0.143,0.128,0.1969999999999999,0.195,0.157,0.172,0.307,0.281,0.3779999999999999,0.495,0.088,0.099,0.356,0.355
Lars Nootbaar,2024,2025,STL,STL,26,27,405,583,0.758,0.686,114,96,0.128,0.11,0.195,0.204,0.172,0.128,0.281,0.279,0.495,0.5,0.099,0.102,0.355,0.314
Lawrence Butler,2024,2025,OAK,ATH,23,24,451,630,0.807,0.71,130,96,0.078,0.094,0.239,0.284,0.228,0.17,0.301,0.304,0.474,0.444,0.11,0.092,0.339,0.305
Leody Taveras,2023,2024,TEX,TEX,24,25,554,529,0.733,0.641,101,84,0.063,0.079,0.211,0.212,0.155,0.123,0.318,0.272,0.431,0.355,0.072,0.059,0.32,0.295
Logan O'Hoppe,2024,2025,LAA,LAA,24,25,522,451,0.712,0.629,102,72,0.063,0.053,0.297,0.308,0.165,0.158,0.318,0.267,0.4629999999999999,0.469,0.12,0.133,0.331,0.299
Lourdes Gurriel Jr.,2021,2022,TOR,TOR,27,28,541,493,0.785,0.743,107,115,0.059,0.063,0.1889999999999999,0.168,0.19,0.108,0.305,0.346,0.43,0.456,0.096,0.038,0.339,0.321
Lourdes Gurriel Jr.,2022,2023,TOR,ARI,28,29,493,592,0.743,0.772,115,105,0.063,0.0559999999999999,0.168,0.174,0.108,0.201,0.346,0.282,0.456,0.46,0.038,0.084,0.321,0.324
Lourdes Gurriel Jr.,2023,2024,ARI,ARI,29,30,592,553,0.772,0.757,105,108,0.0559999999999999,0.052,0.174,0.183,0.201,0.156,0.282,0.313,0.46,0.4,0.084,0.067,0.324,0.319
Lourdes Gurriel Jr.,2024,2025,ARI,ARI,30,31,553,546,0.757,0.713,108,95,0.052,0.057,0.183,0.139,0.156,0.17,0.313,0.254,0.4,0.3829999999999999,0.067,0.072,0.319,0.313
Luis Arraez,2021,2022,MIN,MIN,24,25,479,603,0.733,0.795,105,130,0.09,0.083,0.1,0.071,0.082,0.104,0.323,0.331,0.306,0.302,0.023,0.036,0.337,0.333
Luis Arraez,2022,2023,MIN,MIA,25,26,603,617,0.795,0.861,130,131,0.083,0.057,0.071,0.055,0.104,0.115,0.331,0.362,0.302,0.257,0.036,0.035,0.333,0.354
Luis Arraez,2023,2024,MIA,- - -,26,27,617,672,0.861,0.739,131,109,0.057,0.036,0.055,0.043,0.115,0.078,0.362,0.324,0.257,0.237,0.035,0.016,0.354,0.325
Luis Arraez,2024,2025,- - -,SDP,27,28,672,675,0.739,0.719,109,104,0.036,0.05,0.043,0.031,0.078,0.1,0.324,0.289,0.237,0.1669999999999999,0.016,0.011,0.325,0.3
Luis Garcia Jr.,2023,2024,WSN,WSN,23,24,482,528,0.688,0.762,84,110,0.0559999999999999,0.051,0.124,0.163,0.119,0.162,0.286,0.31,0.365,0.417,0.0579999999999999,0.08,0.308,0.331
Luis Garcia Jr.,2024,2025,WSN,WSN,24,25,528,526,0.762,0.701,110,91,0.051,0.051,0.163,0.16,0.162,0.16,0.31,0.27,0.417,0.4579999999999999,0.08,0.09,0.331,0.337
Luis Rengifo,2022,2023,LAA,LAA,25,26,511,445,0.724,0.783,102,115,0.033,0.092,0.155,0.184,0.166,0.18,0.285,0.293,0.336,0.364,0.054,0.076,0.296,0.324
Luis Robert Jr.,2022,2023,CHW,CHW,24,25,401,595,0.746,0.857,111,129,0.042,0.05,0.192,0.289,0.142,0.278,0.329,0.314,0.428,0.417,0.089,0.152,0.331,0.35
Luis Robert Jr.,2023,2024,CHW,CHW,25,26,595,425,0.857,0.657,129,84,0.05,0.066,0.289,0.332,0.278,0.155,0.314,0.31,0.417,0.406,0.152,0.098,0.35,0.279
Luis Robert Jr.,2024,2025,CHW,CHW,26,27,425,431,0.657,0.661,84,84,0.066,0.093,0.332,0.26,0.155,0.141,0.31,0.274,0.406,0.412,0.098,0.1009999999999999,0.279,0.322
Luis Urias,2021,2022,MIL,MIL,24,25,570,472,0.789,0.739,112,110,0.111,0.106,0.204,0.21,0.196,0.165,0.28,0.274,0.402,0.353,0.092,0.083,0.333,0.326
Luke Raley,2023,2024,TBR,SEA,28,29,406,455,0.824,0.783,129,129,0.069,0.059,0.315,0.297,0.241,0.22,0.33,0.305,0.457,0.418,0.129,0.11,0.327,0.316
MJ Melendez,2022,2023,KCR,KCR,23,24,534,602,0.706,0.713,97,93,0.124,0.103,0.245,0.282,0.176,0.163,0.258,0.311,0.435,0.496,0.104,0.114,0.332,0.325
MJ Melendez,2023,2024,KCR,KCR,24,25,602,451,0.713,0.674,93,86,0.103,0.078,0.282,0.251,0.163,0.194,0.311,0.241,0.496,0.45,0.114,0.083,0.325,0.317
Maikel Garcia,2023,2024,KCR,KCR,23,24,515,626,0.681,0.614,85,71,0.074,0.067,0.223,0.165,0.086,0.101,0.344,0.268,0.506,0.428,0.039,0.037,0.319,0.3
Maikel Garcia,2024,2025,KCR,KCR,24,25,626,666,0.614,0.8,71,121,0.067,0.093,0.165,0.126,0.101,0.163,0.268,0.308,0.428,0.451,0.037,0.0559999999999999,0.3,0.335
Manny Machado,2021,2022,SDP,SDP,28,29,640,644,0.836,0.898,123,152,0.098,0.098,0.159,0.207,0.211,0.234,0.29,0.337,0.522,0.49,0.133,0.098,0.376,0.338
Manny Machado,2022,2023,SDP,SDP,29,30,644,601,0.898,0.782,152,113,0.098,0.083,0.207,0.181,0.234,0.204,0.337,0.268,0.49,0.4589999999999999,0.098,0.105,0.338,0.333
Manny Machado,2023,2024,SDP,SDP,30,31,601,643,0.782,0.797,113,122,0.083,0.07,0.181,0.193,0.204,0.197,0.268,0.302,0.4589999999999999,0.488,0.105,0.11,0.333,0.338
Manny Machado,2024,2025,SDP,SDP,31,32,643,678,0.797,0.795,122,123,0.07,0.081,0.193,0.193,0.197,0.185,0.302,0.307,0.488,0.515,0.11,0.129,0.338,0.354
Marcell Ozuna,2022,2023,ATL,ATL,31,32,507,592,0.687,0.905,90,140,0.061,0.096,0.241,0.226,0.187,0.285,0.252,0.293,0.4379999999999999,0.49,0.131,0.166,0.334,0.393
Marcell Ozuna,2023,2024,ATL,ATL,32,33,592,688,0.905,0.925,140,154,0.096,0.108,0.226,0.247,0.285,0.244,0.293,0.359,0.49,0.5329999999999999,0.166,0.154,0.393,0.402
Marcell Ozuna,2024,2025,ATL,ATL,33,34,688,592,0.925,0.756,154,114,0.108,0.159,0.247,0.243,0.244,0.168,0.359,0.28,0.5329999999999999,0.444,0.154,0.114,0.402,0.351
Marcus Semien,2021,2022,TOR,TEX,30,31,724,724,0.873,0.733,131,107,0.091,0.073,0.2019999999999999,0.166,0.273,0.181,0.276,0.263,0.413,0.349,0.098,0.068,0.336,0.306
Marcus Semien,2022,2023,TEX,TEX,31,32,724,753,0.733,0.826,107,128,0.073,0.096,0.166,0.146,0.181,0.201,0.263,0.291,0.349,0.369,0.068,0.065,0.306,0.333
Marcus Semien,2023,2024,TEX,TEX,32,33,753,718,0.826,0.699,128,101,0.096,0.089,0.146,0.146,0.201,0.154,0.291,0.25,0.369,0.352,0.065,0.066,0.333,0.313
Marcus Semien,2024,2025,TEX,TEX,33,34,718,534,0.699,0.669,101,89,0.089,0.094,0.146,0.174,0.154,0.134,0.25,0.251,0.352,0.35,0.066,0.067,0.313,0.317
Mark Canha,2021,2022,OAK,NYM,32,33,625,542,0.746,0.77,116,126,0.123,0.089,0.205,0.179,0.156,0.136,0.274,0.309,0.354,0.366,0.071,0.049,0.332,0.323
Mark Canha,2022,2023,NYM,- - -,33,34,542,507,0.77,0.755,126,111,0.089,0.0969999999999999,0.179,0.156,0.136,0.138,0.309,0.293,0.366,0.367,0.049,0.047,0.323,0.324
Mark Canha,2023,2024,- - -,- - -,34,35,507,462,0.755,0.69,111,101,0.0969999999999999,0.11,0.156,0.208,0.138,0.104,0.293,0.298,0.367,0.374,0.047,0.033,0.324,0.288
Mark Vientos,2024,2025,NYM,NYM,24,25,454,463,0.837,0.702,132,97,0.073,0.065,0.297,0.248,0.249,0.179,0.324,0.277,0.466,0.505,0.141,0.115,0.331,0.318
Masataka Yoshida,2023,2024,BOS,BOS,29,30,580,421,0.783,0.765,111,116,0.059,0.064,0.14,0.124,0.156,0.135,0.316,0.302,0.406,0.375,0.066,0.055,0.325,0.322
Masyn Winn,2024,2025,STL,STL,22,23,637,537,0.73,0.673,104,91,0.064,0.063,0.171,0.19,0.148,0.11,0.303,0.301,0.327,0.346,0.037,0.048,0.292,0.284
Matt Chapman,2021,2022,OAK,TOR,28,29,622,621,0.716,0.757,101,118,0.129,0.11,0.325,0.2739999999999999,0.193,0.204,0.272,0.277,0.417,0.512,0.1369999999999999,0.129,0.321,0.341
Matt Chapman,2022,2023,TOR,TOR,29,30,621,581,0.757,0.755,118,109,0.11,0.107,0.2739999999999999,0.284,0.204,0.185,0.277,0.319,0.512,0.564,0.129,0.171,0.341,0.337
Matt Chapman,2023,2024,TOR,SFG,30,31,581,647,0.755,0.79,109,121,0.107,0.099,0.284,0.244,0.185,0.216,0.319,0.293,0.564,0.482,0.171,0.126,0.337,0.34
Matt Chapman,2024,2025,SFG,SFG,31,32,647,535,0.79,0.77,121,118,0.099,0.133,0.244,0.236,0.216,0.198,0.293,0.27,0.482,0.476,0.126,0.099,0.34,0.341
Matt Olson,2021,2022,OAK,ATL,27,28,673,699,0.911,0.802,147,121,0.131,0.107,0.168,0.243,0.269,0.237,0.269,0.274,0.488,0.509,0.127,0.136,0.378,0.347
Matt Olson,2022,2023,ATL,ATL,28,29,699,720,0.802,0.993,121,162,0.107,0.144,0.243,0.2319999999999999,0.237,0.321,0.274,0.302,0.509,0.555,0.136,0.1639999999999999,0.347,0.392
Matt Olson,2023,2024,ATL,ATL,29,30,720,685,0.993,0.79,162,117,0.144,0.104,0.2319999999999999,0.248,0.321,0.21,0.302,0.293,0.555,0.474,0.1639999999999999,0.124,0.392,0.34
Matt Olson,2024,2025,ATL,ATL,30,31,685,724,0.79,0.85,117,136,0.104,0.126,0.248,0.243,0.21,0.212,0.293,0.333,0.474,0.532,0.124,0.143,0.34,0.36
Matt Vierling,2023,2024,DET,DET,26,27,530,567,0.717,0.735,99,107,0.083,0.072,0.211,0.213,0.127,0.166,0.321,0.303,0.425,0.4,0.046,0.075,0.322,0.308
Mauricio Dubon,2023,2024,HOU,HOU,28,29,492,428,0.72,0.657,97,86,0.039,0.037,0.142,0.129,0.133,0.092,0.308,0.299,0.295,0.265,0.045,0.0279999999999999,0.303,0.272
Max Kepler,2021,2022,MIN,MIN,28,29,490,446,0.719,0.666,97,94,0.11,0.11,0.196,0.148,0.202,0.121,0.225,0.249,0.425,0.3989999999999999,0.108,0.071,0.347,0.338
Max Kepler,2022,2023,MIN,MIN,29,30,446,491,0.666,0.816,94,122,0.11,0.092,0.148,0.216,0.121,0.224,0.249,0.288,0.3989999999999999,0.479,0.071,0.122,0.338,0.362
Max Muncy,2021,2022,LAD,LAD,30,31,592,565,0.895,0.713,139,106,0.14,0.159,0.203,0.25,0.278,0.188,0.257,0.227,0.466,0.456,0.161,0.134,0.407,0.339
Max Muncy,2022,2023,LAD,LAD,31,32,565,579,0.713,0.808,106,117,0.159,0.147,0.25,0.264,0.188,0.263,0.227,0.221,0.456,0.466,0.134,0.146,0.339,0.364
Michael A. Taylor,2021,2022,KCR,KCR,30,31,528,456,0.653,0.67,75,88,0.063,0.077,0.273,0.239,0.112,0.104,0.319,0.321,0.402,0.3289999999999999,0.066,0.068,0.3,0.289
Michael Busch,2024,2025,CHC,CHC,26,27,567,592,0.775,0.866,118,140,0.111,0.095,0.286,0.235,0.192,0.261,0.322,0.292,0.3989999999999999,0.473,0.1119999999999999,0.171,0.319,0.378
Michael Conforto,2023,2024,SFG,SFG,30,31,470,488,0.718,0.759,99,112,0.113,0.086,0.226,0.242,0.145,0.212,0.284,0.277,0.3979999999999999,0.4579999999999999,0.079,0.118,0.33,0.35
Michael Conforto,2024,2025,SFG,LAD,31,32,488,486,0.759,0.637,112,83,0.086,0.115,0.242,0.249,0.212,0.134,0.277,0.247,0.4579999999999999,0.44,0.118,0.0969999999999999,0.35,0.331
Michael Harris II,2022,2023,ATL,ATL,21,22,441,539,0.853,0.808,137,116,0.048,0.046,0.243,0.187,0.217,0.184,0.361,0.334,0.451,0.485,0.1009999999999999,0.1,0.335,0.357
Michael Harris II,2023,2024,ATL,ATL,22,23,539,470,0.808,0.722,116,99,0.046,0.049,0.187,0.2,0.184,0.155,0.334,0.3,0.485,0.47,0.1,0.1,0.357,0.344
Michael Harris II,2024,2025,ATL,ATL,23,24,470,641,0.722,0.678,99,83,0.049,0.025,0.2,0.2,0.155,0.16,0.3,0.281,0.47,0.433,0.1,0.091,0.344,0.314
Mickey Moniak,2024,2025,LAA,COL,26,27,418,461,0.646,0.824,80,110,0.05,0.048,0.273,0.239,0.161,0.249,0.272,0.307,0.344,0.4529999999999999,0.093,0.138,0.283,0.338
Miguel Cabrera,2021,2022,DET,DET,38,39,526,433,0.701,0.622,92,78,0.076,0.065,0.2239999999999999,0.233,0.129,0.063,0.305,0.324,0.49,0.382,0.083,0.047,0.315,0.275
Miguel Rojas,2021,2022,MIA,MIA,32,33,539,507,0.713,0.605,93,68,0.069,0.051,0.1369999999999999,0.12,0.127,0.087,0.295,0.258,0.3289999999999999,0.271,0.0279999999999999,0.019,0.287,0.289
Miguel Rojas,2022,2023,MIA,LAD,33,34,507,423,0.605,0.612,68,67,0.051,0.061,0.12,0.113,0.087,0.086,0.258,0.255,0.271,0.32,0.019,0.0289999999999999,0.289,0.284
Mike Yastrzemski,2021,2022,SFG,SFG,30,31,532,558,0.768,0.697,106,99,0.096,0.109,0.246,0.253,0.233,0.177,0.254,0.261,0.3929999999999999,0.425,0.103,0.111,0.318,0.314
Mike Yastrzemski,2024,2025,SFG,- - -,33,34,474,558,0.739,0.735,106,106,0.08,0.129,0.262,0.1939999999999999,0.206,0.17,0.282,0.263,0.408,0.426,0.105,0.085,0.301,0.327
Mookie Betts,2021,2022,LAD,LAD,28,29,550,639,0.854,0.873,131,144,0.124,0.086,0.156,0.163,0.223,0.264,0.276,0.272,0.41,0.449,0.078,0.0969999999999999,0.357,0.344
Mookie Betts,2022,2023,LAD,LAD,29,30,639,693,0.873,0.987,144,165,0.086,0.139,0.163,0.154,0.264,0.272,0.272,0.316,0.449,0.485,0.0969999999999999,0.124,0.344,0.407
Mookie Betts,2023,2024,LAD,LAD,30,31,693,516,0.987,0.863,165,140,0.139,0.118,0.154,0.11,0.272,0.202,0.316,0.294,0.485,0.395,0.124,0.06,0.407,0.356
Mookie Betts,2024,2025,LAD,LAD,31,32,516,663,0.863,0.732,140,104,0.118,0.092,0.11,0.103,0.202,0.148,0.294,0.258,0.395,0.358,0.06,0.055,0.356,0.327
Myles Straw,2021,2022,- - -,CLE,26,27,638,596,0.696,0.564,98,65,0.105,0.091,0.19,0.146,0.076,0.052,0.336,0.261,0.261,0.264,0.013,0.0069999999999999,0.303,0.275
Myles Straw,2022,2023,CLE,CLE,27,28,596,518,0.564,0.597,65,68,0.091,0.081,0.146,0.187,0.052,0.058,0.261,0.295,0.264,0.233,0.0069999999999999,0.005,0.275,0.272
Nathaniel Lowe,2021,2022,TEX,TEX,25,26,642,645,0.771,0.851,114,143,0.125,0.074,0.252,0.228,0.151,0.191,0.339,0.363,0.455,0.4479999999999999,0.095,0.099,0.323,0.344
Nathaniel Lowe,2022,2023,TEX,TEX,26,27,645,724,0.851,0.775,143,118,0.074,0.128,0.228,0.228,0.191,0.152,0.363,0.329,0.4479999999999999,0.416,0.099,0.065,0.344,0.339
Nathaniel Lowe,2023,2024,TEX,TEX,27,28,724,565,0.775,0.762,118,123,0.128,0.126,0.228,0.221,0.152,0.136,0.329,0.324,0.416,0.4,0.065,0.0579999999999999,0.339,0.328
Nathaniel Lowe,2024,2025,TEX,- - -,28,29,565,609,0.762,0.689,123,91,0.126,0.102,0.221,0.261,0.136,0.154,0.324,0.285,0.4,0.415,0.0579999999999999,0.07,0.328,0.303
Nelson Cruz,2021,2022,- - -,WSN,40,41,584,507,0.832,0.651,123,87,0.087,0.0969999999999999,0.216,0.235,0.232,0.103,0.286,0.295,0.52,0.457,0.135,0.093,0.363,0.32
Nick Castellanos,2021,2022,CIN,PHI,29,30,585,558,0.939,0.694,140,95,0.07,0.052,0.207,0.233,0.267,0.126,0.34,0.326,0.469,0.351,0.106,0.066,0.374,0.302
Nick Castellanos,2022,2023,PHI,PHI,30,31,558,671,0.694,0.788,95,108,0.052,0.054,0.233,0.276,0.126,0.204,0.326,0.337,0.351,0.432,0.066,0.103,0.302,0.32
Nick Castellanos,2023,2024,PHI,PHI,31,32,671,659,0.788,0.742,108,104,0.054,0.062,0.276,0.211,0.204,0.177,0.337,0.294,0.432,0.377,0.103,0.079,0.32,0.333
Nick Castellanos,2024,2025,PHI,PHI,32,33,659,589,0.742,0.694,104,90,0.062,0.054,0.211,0.226,0.177,0.15,0.294,0.298,0.377,0.345,0.079,0.076,0.333,0.3
Nicky Lopez,2021,2022,KCR,KCR,26,27,565,480,0.744,0.554,104,55,0.087,0.06,0.131,0.131,0.078,0.046,0.347,0.265,0.2689999999999999,0.2289999999999999,0.0069999999999999,0.016,0.283,0.273
Nico Hoerner,2022,2023,CHC,CHC,25,26,517,688,0.736,0.729,108,103,0.054,0.071,0.11,0.121,0.129,0.1,0.3,0.312,0.331,0.3339999999999999,0.026,0.018,0.301,0.311
Nico Hoerner,2023,2024,CHC,CHC,26,27,688,641,0.729,0.708,103,102,0.071,0.069,0.121,0.103,0.1,0.1,0.312,0.297,0.3339999999999999,0.276,0.018,0.012,0.311,0.313
Nico Hoerner,2024,2025,CHC,CHC,27,28,641,649,0.708,0.739,102,109,0.069,0.06,0.103,0.076,0.1,0.097,0.297,0.313,0.276,0.303,0.012,0.023,0.313,0.319
Nolan Arenado,2021,2022,STL,STL,30,31,653,620,0.807,0.891,112,149,0.077,0.084,0.147,0.1159999999999999,0.239,0.241,0.249,0.29,0.375,0.389,0.067,0.0819999999999999,0.311,0.339
Nolan Arenado,2022,2023,STL,STL,31,32,620,612,0.891,0.774,149,107,0.084,0.067,0.1159999999999999,0.165,0.241,0.193,0.29,0.279,0.389,0.381,0.0819999999999999,0.073,0.339,0.32
Nolan Arenado,2023,2024,STL,STL,32,33,612,635,0.774,0.719,107,103,0.067,0.069,0.165,0.145,0.193,0.123,0.279,0.296,0.381,0.316,0.073,0.032,0.32,0.295
Nolan Arenado,2024,2025,STL,STL,33,34,635,436,0.719,0.666,103,84,0.069,0.064,0.145,0.1119999999999999,0.123,0.14,0.296,0.241,0.316,0.326,0.032,0.039,0.295,0.288
Nolan Gorman,2023,2024,STL,STL,23,24,464,402,0.805,0.671,118,87,0.114,0.085,0.319,0.376,0.241,0.197,0.296,0.279,0.485,0.384,0.165,0.1669999999999999,0.353,0.305
Nolan Gorman,2024,2025,STL,STL,24,25,402,402,0.671,0.666,87,88,0.085,0.1169999999999999,0.376,0.3379999999999999,0.197,0.165,0.279,0.283,0.384,0.411,0.1669999999999999,0.091,0.305,0.295
Nolan Schanuel,2024,2025,LAA,LAA,22,23,607,564,0.706,0.742,105,109,0.1119999999999999,0.105,0.17,0.126,0.112,0.125,0.285,0.286,0.253,0.29,0.035,0.045,0.318,0.327
Oneil Cruz,2024,2025,PIT,PIT,25,26,599,544,0.773,0.676,110,86,0.085,0.118,0.302,0.32,0.19,0.178,0.347,0.262,0.5489999999999999,0.5660000000000001,0.157,0.179,0.341,0.321
Orlando Arcia,2023,2024,ATL,ATL,28,29,533,602,0.741,0.625,100,72,0.073,0.068,0.191,0.213,0.156,0.136,0.301,0.249,0.411,0.3779999999999999,0.069,0.053,0.308,0.261
Otto Lopez,2024,2025,MIA,MIA,25,26,434,594,0.69,0.672,92,86,0.0579999999999999,0.074,0.173,0.138,0.107,0.121,0.318,0.264,0.387,0.3829999999999999,0.051,0.071,0.313,0.328
Ozzie Albies,2023,2024,ATL,ATL,26,27,660,435,0.849,0.707,125,96,0.07,0.062,0.162,0.149,0.233,0.153,0.289,0.274,0.389,0.32,0.0819999999999999,0.062,0.34,0.302
Ozzie Albies,2024,2025,ATL,ATL,27,28,435,667,0.707,0.671,96,87,0.062,0.0819999999999999,0.149,0.141,0.153,0.124,0.274,0.259,0.32,0.307,0.062,0.049,0.302,0.298
Patrick Bailey,2024,2025,SFG,SFG,25,26,448,452,0.637,0.602,81,70,0.087,0.066,0.223,0.294,0.105,0.103,0.287,0.308,0.427,0.364,0.055,0.0559999999999999,0.319,0.261
Paul DeJong,2023,2024,- - -,- - -,29,30,400,482,0.612,0.703,66,96,0.053,0.048,0.303,0.324,0.148,0.2,0.264,0.285,0.332,0.415,0.067,0.102,0.278,0.291
Paul Goldschmidt,2021,2022,STL,STL,33,34,679,651,0.879,0.981,136,175,0.099,0.121,0.2,0.217,0.221,0.26,0.331,0.368,0.506,0.472,0.136,0.115,0.397,0.367
Paul Goldschmidt,2022,2023,STL,STL,34,35,651,687,0.981,0.81,175,122,0.121,0.127,0.217,0.2339999999999999,0.26,0.179,0.368,0.327,0.472,0.507,0.115,0.119,0.367,0.367
Paul Goldschmidt,2023,2024,STL,STL,35,36,687,654,0.81,0.716,122,100,0.127,0.072,0.2339999999999999,0.265,0.179,0.169,0.327,0.308,0.507,0.491,0.119,0.106,0.367,0.329
Paul Goldschmidt,2024,2025,STL,NYY,36,37,654,534,0.716,0.731,100,103,0.072,0.067,0.265,0.187,0.169,0.129,0.308,0.325,0.491,0.434,0.106,0.079,0.329,0.328
Pete Alonso,2021,2022,NYM,NYM,26,27,637,685,0.863,0.869,131,141,0.094,0.098,0.1989999999999999,0.187,0.257,0.246,0.274,0.279,0.473,0.4479999999999999,0.148,0.123,0.377,0.353
Pete Alonso,2022,2023,NYM,NYM,27,28,685,658,0.869,0.821,141,120,0.098,0.099,0.187,0.2289999999999999,0.246,0.287,0.279,0.205,0.4479999999999999,0.401,0.123,0.147,0.353,0.367
Pete Alonso,2023,2024,NYM,NYM,28,29,658,695,0.821,0.788,120,121,0.099,0.1009999999999999,0.2289999999999999,0.247,0.287,0.219,0.205,0.276,0.401,0.4639999999999999,0.147,0.132,0.367,0.343
Pete Alonso,2024,2025,NYM,NYM,29,30,695,709,0.788,0.871,121,141,0.1009999999999999,0.086,0.247,0.228,0.219,0.252,0.276,0.305,0.4639999999999999,0.544,0.132,0.1889999999999999,0.343,0.385
Pete Crow-Armstrong,2024,2025,CHC,CHC,22,23,410,647,0.67,0.768,86,109,0.051,0.045,0.239,0.24,0.148,0.234,0.292,0.276,0.368,0.416,0.074,0.13,0.281,0.321
Rafael Devers,2021,2022,BOS,BOS,24,25,664,614,0.89,0.879,133,140,0.093,0.081,0.215,0.186,0.259,0.225,0.307,0.329,0.518,0.509,0.15,0.115,0.394,0.361
Rafael Devers,2022,2023,BOS,BOS,25,26,614,656,0.879,0.851,140,126,0.081,0.095,0.186,0.192,0.225,0.229,0.329,0.292,0.509,0.551,0.115,0.127,0.361,0.381
Rafael Devers,2023,2024,BOS,BOS,26,27,656,601,0.851,0.871,126,136,0.095,0.111,0.192,0.245,0.229,0.244,0.292,0.323,0.551,0.526,0.127,0.13,0.381,0.363
Rafael Devers,2024,2025,BOS,- - -,27,28,601,729,0.871,0.851,136,135,0.111,0.154,0.245,0.263,0.244,0.227,0.323,0.307,0.526,0.561,0.13,0.16,0.363,0.367
Raimel Tapia,2021,2022,COL,TOR,27,28,533,433,0.699,0.672,75,91,0.075,0.037,0.131,0.187,0.099,0.114,0.306,0.315,0.315,0.3779999999999999,0.021,0.051,0.273,0.286
Randal Grichuk,2021,2022,TOR,COL,29,30,545,538,0.703,0.724,85,89,0.05,0.045,0.209,0.236,0.182,0.166,0.266,0.309,0.411,0.436,0.085,0.068,0.297,0.281
Randal Grichuk,2022,2023,COL,- - -,30,31,538,471,0.724,0.779,89,101,0.045,0.062,0.236,0.204,0.166,0.191,0.309,0.309,0.436,0.4529999999999999,0.068,0.071,0.281,0.323
Randy Arozarena,2021,2022,TBR,TBR,26,27,604,645,0.815,0.773,127,124,0.093,0.071,0.281,0.242,0.185,0.183,0.363,0.325,0.423,0.41,0.0819999999999999,0.079,0.3,0.297
Randy Arozarena,2022,2023,TBR,TBR,27,28,645,654,0.773,0.789,124,125,0.071,0.122,0.242,0.239,0.183,0.171,0.325,0.31,0.41,0.483,0.079,0.123,0.297,0.348
Randy Arozarena,2023,2024,TBR,- - -,28,29,654,648,0.789,0.72,125,114,0.122,0.113,0.239,0.261,0.171,0.169,0.31,0.275,0.483,0.435,0.123,0.083,0.348,0.321
Randy Arozarena,2024,2025,- - -,SEA,29,30,648,709,0.72,0.76,114,120,0.113,0.09,0.261,0.2689999999999999,0.169,0.188,0.275,0.298,0.435,0.506,0.083,0.115,0.321,0.325
Rhys Hoskins,2021,2022,PHI,PHI,28,29,443,672,0.864,0.794,127,123,0.106,0.107,0.244,0.251,0.283,0.216,0.27,0.292,0.4629999999999999,0.442,0.17,0.111,0.378,0.338
Riley Greene,2022,2023,DET,DET,21,22,418,416,0.682,0.796,98,119,0.086,0.084,0.287,0.2739999999999999,0.109,0.159,0.354,0.384,0.452,0.47,0.093,0.113,0.316,0.367
Riley Greene,2023,2024,DET,DET,22,23,416,584,0.796,0.827,119,134,0.084,0.11,0.2739999999999999,0.267,0.159,0.217,0.384,0.329,0.47,0.462,0.113,0.134,0.367,0.353
Riley Greene,2024,2025,DET,DET,23,24,584,655,0.827,0.806,134,121,0.11,0.07,0.267,0.307,0.217,0.235,0.329,0.323,0.462,0.455,0.134,0.171,0.353,0.336
Robbie Grossman,2021,2022,DET,- - -,31,32,671,477,0.772,0.622,114,82,0.146,0.1169999999999999,0.231,0.27,0.176,0.102,0.286,0.283,0.341,0.304,0.076,0.035,0.334,0.281
Robbie Grossman,2022,2023,- - -,TEX,32,33,477,420,0.622,0.734,82,106,0.1169999999999999,0.136,0.27,0.233,0.102,0.156,0.283,0.292,0.304,0.373,0.035,0.068,0.281,0.307
Ronald Acuna Jr.,2022,2023,ATL,ATL,24,25,533,735,0.764,1.012,115,171,0.099,0.109,0.236,0.114,0.148,0.258,0.331,0.338,0.497,0.552,0.128,0.153,0.366,0.46
Ryan Jeffers,2024,2025,MIN,MIN,27,28,465,464,0.732,0.752,106,113,0.069,0.108,0.2019999999999999,0.196,0.206,0.131,0.238,0.322,0.3379999999999999,0.421,0.083,0.063,0.304,0.323
Ryan McMahon,2021,2022,COL,COL,26,27,596,597,0.779,0.741,93,97,0.099,0.1009999999999999,0.247,0.265,0.195,0.168,0.306,0.311,0.435,0.465,0.073,0.104,0.325,0.33
Ryan McMahon,2022,2023,COL,COL,27,28,597,627,0.741,0.753,97,90,0.1009999999999999,0.108,0.265,0.316,0.168,0.191,0.311,0.326,0.465,0.442,0.104,0.114,0.33,0.335
Ryan McMahon,2023,2024,COL,COL,28,29,627,645,0.753,0.722,90,88,0.108,0.107,0.316,0.287,0.191,0.155,0.326,0.32,0.442,0.492,0.114,0.108,0.335,0.324
Ryan McMahon,2024,2025,COL,- - -,29,30,645,586,0.722,0.693,88,86,0.107,0.119,0.287,0.3229999999999999,0.155,0.167,0.32,0.294,0.492,0.505,0.108,0.121,0.324,0.323
Ryan Mountcastle,2021,2022,BAL,BAL,24,25,586,609,0.796,0.729,111,107,0.07,0.071,0.275,0.253,0.232,0.173,0.297,0.303,0.397,0.4629999999999999,0.118,0.15,0.326,0.362
Ryan Mountcastle,2022,2023,BAL,BAL,25,26,609,470,0.729,0.779,107,113,0.071,0.079,0.253,0.228,0.173,0.182,0.303,0.315,0.4629999999999999,0.449,0.15,0.121,0.362,0.356
Ryan Mountcastle,2023,2024,BAL,BAL,26,27,470,507,0.779,0.733,113,107,0.079,0.053,0.228,0.225,0.182,0.154,0.315,0.327,0.449,0.452,0.121,0.088,0.356,0.332
Ryan O'Hearn,2024,2025,BAL,- - -,30,31,494,544,0.761,0.803,118,127,0.093,0.107,0.14,0.2,0.163,0.156,0.282,0.33,0.401,0.423,0.069,0.076,0.351,0.343
Sal Frelick,2024,2025,MIL,MIL,24,25,524,594,0.655,0.756,87,114,0.074,0.079,0.149,0.135,0.076,0.117,0.306,0.317,0.1939999999999999,0.272,0.0069999999999999,0.03,0.279,0.298
Salvador Perez,2021,2022,KCR,KCR,31,32,665,473,0.859,0.757,125,107,0.042,0.038,0.256,0.23,0.271,0.211,0.298,0.285,0.562,0.49,0.163,0.1119999999999999,0.371,0.323
Salvador Perez,2022,2023,KCR,KCR,32,33,473,580,0.757,0.714,107,87,0.038,0.033,0.23,0.233,0.211,0.167,0.285,0.294,0.49,0.4379999999999999,0.1119999999999999,0.087,0.323,0.325
Salvador Perez,2023,2024,KCR,KCR,33,34,580,652,0.714,0.786,87,117,0.033,0.067,0.233,0.198,0.167,0.185,0.294,0.302,0.4379999999999999,0.447,0.087,0.122,0.325,0.36
Salvador Perez,2024,2025,KCR,KCR,34,35,652,641,0.786,0.729,117,95,0.067,0.044,0.198,0.195,0.185,0.209,0.302,0.251,0.447,0.4639999999999999,0.122,0.147,0.36,0.356
Sean Murphy,2021,2022,OAK,OAK,26,27,448,612,0.71,0.759,100,121,0.089,0.092,0.254,0.203,0.188,0.177,0.257,0.29,0.426,0.413,0.113,0.105,0.337,0.344
Sean Murphy,2022,2023,OAK,ATL,27,28,612,438,0.759,0.844,121,130,0.092,0.1119999999999999,0.203,0.2239999999999999,0.177,0.227,0.29,0.286,0.413,0.4579999999999999,0.105,0.161,0.344,0.395
Seiya Suzuki,2022,2023,CHC,CHC,27,28,446,583,0.77,0.842,118,127,0.094,0.1009999999999999,0.247,0.223,0.171,0.2,0.326,0.341,0.41,0.48,0.11,0.105,0.326,0.357
Seiya Suzuki,2023,2024,CHC,CHC,28,29,583,585,0.842,0.848,127,137,0.1009999999999999,0.108,0.223,0.2739999999999999,0.2,0.199,0.341,0.37,0.48,0.492,0.105,0.115,0.357,0.346
Seiya Suzuki,2024,2025,CHC,CHC,29,30,585,651,0.848,0.804,137,123,0.108,0.109,0.2739999999999999,0.252,0.199,0.233,0.37,0.282,0.492,0.487,0.115,0.166,0.346,0.351
Shea Langeliers,2023,2024,OAK,OAK,25,26,490,534,0.681,0.739,86,109,0.069,0.077,0.292,0.272,0.208,0.226,0.246,0.252,0.445,0.44,0.133,0.128,0.297,0.328
Shea Langeliers,2024,2025,OAK,ATH,26,27,534,523,0.739,0.861,109,132,0.077,0.069,0.272,0.1969999999999999,0.226,0.26,0.252,0.29,0.44,0.446,0.128,0.11,0.328,0.328
Shohei Ohtani,2021,2022,LAA,LAA,26,27,639,666,0.965,0.875,150,142,0.15,0.108,0.296,0.242,0.335,0.246,0.303,0.32,0.534,0.498,0.223,0.168,0.408,0.383
Shohei Ohtani,2022,2023,LAA,LAA,27,28,666,599,0.875,1.066,142,180,0.108,0.152,0.242,0.239,0.246,0.35,0.32,0.342,0.498,0.5329999999999999,0.168,0.193,0.383,0.426
Shohei Ohtani,2023,2024,LAA,LAD,28,29,599,731,1.066,1.036,180,180,0.152,0.111,0.239,0.222,0.35,0.336,0.342,0.336,0.5329999999999999,0.598,0.193,0.214,0.426,0.442
Shohei Ohtani,2024,2025,LAD,LAD,29,30,731,727,1.036,1.014,180,172,0.111,0.15,0.222,0.257,0.336,0.34,0.336,0.315,0.598,0.584,0.214,0.2339999999999999,0.442,0.423
Spencer Steer,2023,2024,CIN,CIN,25,26,665,656,0.82,0.721,118,98,0.102,0.11,0.209,0.209,0.192,0.178,0.318,0.26,0.371,0.3989999999999999,0.067,0.064,0.333,0.314
Spencer Steer,2024,2025,CIN,CIN,26,27,656,568,0.721,0.723,98,97,0.11,0.09,0.209,0.2269999999999999,0.178,0.173,0.26,0.277,0.3989999999999999,0.332,0.064,0.076,0.314,0.292
Spencer Torkelson,2022,2023,DET,DET,22,23,404,684,0.604,0.758,76,106,0.092,0.098,0.245,0.25,0.117,0.213,0.255,0.269,0.418,0.507,0.084,0.141,0.302,0.35
Starling Marte,2021,2022,- - -,NYM,32,33,526,505,0.841,0.814,132,133,0.0819999999999999,0.051,0.188,0.192,0.148,0.176,0.372,0.34,0.396,0.3389999999999999,0.084,0.068,0.347,0.336
Steven Kwan,2022,2023,CLE,CLE,24,25,638,718,0.772,0.71,125,99,0.0969999999999999,0.0969999999999999,0.094,0.104,0.101,0.102,0.323,0.294,0.208,0.188,0.0139999999999999,0.011,0.312,0.317
Steven Kwan,2023,2024,CLE,CLE,25,26,718,540,0.71,0.793,99,131,0.0969999999999999,0.098,0.104,0.094,0.102,0.133,0.294,0.304,0.188,0.237,0.011,0.026,0.317,0.333
Steven Kwan,2024,2025,CLE,CLE,26,27,540,693,0.793,0.705,131,99,0.098,0.079,0.094,0.087,0.133,0.102,0.304,0.283,0.237,0.193,0.026,0.019,0.333,0.308
Taylor Ward,2022,2023,LAA,LAA,28,29,564,409,0.833,0.756,136,108,0.106,0.095,0.213,0.196,0.192,0.169,0.325,0.284,0.429,0.436,0.124,0.0819999999999999,0.361,0.339
Taylor Ward,2023,2024,LAA,LAA,29,30,409,663,0.756,0.748,108,112,0.095,0.095,0.196,0.246,0.169,0.179,0.284,0.294,0.436,0.423,0.0819999999999999,0.13,0.339,0.344
Taylor Ward,2024,2025,LAA,LAA,30,31,663,663,0.748,0.792,112,117,0.095,0.113,0.246,0.264,0.179,0.247,0.294,0.257,0.423,0.427,0.13,0.1369999999999999,0.344,0.331
Teoscar Hernandez,2021,2022,TOR,TOR,28,29,595,535,0.87,0.807,132,130,0.061,0.064,0.249,0.284,0.227,0.224,0.352,0.335,0.49,0.5329999999999999,0.139,0.15,0.37,0.351
Teoscar Hernandez,2022,2023,TOR,SEA,29,30,535,678,0.807,0.741,130,107,0.064,0.0559999999999999,0.284,0.311,0.224,0.178,0.335,0.342,0.5329999999999999,0.494,0.15,0.138,0.351,0.336
Teoscar Hernandez,2023,2024,SEA,LAD,30,31,678,652,0.741,0.84,107,132,0.0559999999999999,0.081,0.311,0.288,0.178,0.229,0.342,0.344,0.494,0.467,0.138,0.149,0.336,0.346
Teoscar Hernandez,2024,2025,LAD,LAD,31,32,652,546,0.84,0.738,132,102,0.081,0.048,0.288,0.245,0.229,0.207,0.344,0.283,0.467,0.46,0.149,0.115,0.346,0.32
Thairo Estrada,2022,2023,SFG,SFG,26,27,541,530,0.722,0.731,106,100,0.061,0.042,0.165,0.226,0.139,0.145,0.29,0.331,0.311,0.337,0.044,0.048,0.299,0.292
Tommy Edman,2021,2022,STL,STL,26,27,691,630,0.695,0.725,89,106,0.055,0.073,0.1369999999999999,0.176,0.125,0.135,0.291,0.308,0.351,0.3779999999999999,0.042,0.062,0.316,0.308
Tommy Edman,2022,2023,STL,STL,27,28,630,528,0.725,0.705,106,92,0.073,0.066,0.176,0.159,0.135,0.15,0.308,0.275,0.3779999999999999,0.3879999999999999,0.062,0.05,0.308,0.312
Tommy Pham,2021,2022,SDP,- - -,33,34,561,622,0.724,0.686,103,90,0.139,0.09,0.228,0.268,0.154,0.137,0.28,0.304,0.476,0.485,0.1,0.079,0.35,0.311
Tommy Pham,2022,2023,- - -,- - -,34,35,622,481,0.686,0.774,90,109,0.09,0.098,0.268,0.22,0.137,0.19,0.304,0.3,0.485,0.491,0.079,0.107,0.311,0.361
Tommy Pham,2023,2024,- - -,- - -,35,36,481,478,0.774,0.674,109,92,0.098,0.073,0.22,0.222,0.19,0.12,0.3,0.307,0.491,0.427,0.107,0.072,0.361,0.319
Tommy Pham,2024,2025,- - -,PIT,36,37,478,449,0.674,0.7,92,94,0.073,0.111,0.222,0.209,0.12,0.125,0.307,0.294,0.427,0.472,0.072,0.066,0.319,0.318
Tony Kemp,2022,2023,OAK,OAK,30,31,558,419,0.641,0.607,90,76,0.081,0.105,0.124,0.095,0.099,0.095,0.259,0.221,0.149,0.204,0.016,0.012,0.267,0.297
Trea Turner,2021,2022,- - -,LAD,28,29,646,708,0.911,0.809,143,128,0.063,0.064,0.17,0.185,0.208,0.169,0.362,0.342,0.462,0.414,0.074,0.076,0.364,0.335
Trea Turner,2022,2023,LAD,PHI,29,30,708,691,0.809,0.778,128,107,0.064,0.065,0.185,0.217,0.169,0.192,0.342,0.31,0.414,0.422,0.076,0.084,0.335,0.33
Trea Turner,2023,2024,PHI,PHI,30,31,691,539,0.778,0.807,107,123,0.065,0.05,0.217,0.182,0.192,0.174,0.31,0.331,0.422,0.402,0.084,0.069,0.33,0.317
Trea Turner,2024,2025,PHI,PHI,31,32,539,639,0.807,0.812,123,125,0.05,0.067,0.182,0.1669999999999999,0.174,0.153,0.331,0.35,0.402,0.421,0.069,0.0579999999999999,0.317,0.318
Trent Grisham,2021,2022,SDP,SDP,24,25,527,524,0.74,0.626,104,83,0.102,0.109,0.226,0.286,0.171,0.157,0.292,0.231,0.368,0.355,0.052,0.081,0.305,0.293
Trent Grisham,2022,2023,SDP,SDP,25,26,524,555,0.626,0.666,83,89,0.109,0.135,0.286,0.2769999999999999,0.157,0.154,0.231,0.264,0.355,0.3989999999999999,0.081,0.118,0.293,0.32
Trevor Larnach,2024,2025,MIN,MIN,27,28,400,567,0.771,0.727,119,102,0.1,0.093,0.223,0.215,0.175,0.153,0.304,0.295,0.451,0.456,0.1009999999999999,0.072,0.342,0.314
Trey Mancini,2021,2022,BAL,- - -,29,30,616,587,0.758,0.71,105,105,0.083,0.09,0.2319999999999999,0.23,0.176,0.152,0.308,0.286,0.42,0.4039999999999999,0.104,0.098,0.341,0.327
Ty France,2021,2022,SEA,SEA,26,27,650,613,0.813,0.774,129,127,0.071,0.057,0.163,0.153,0.154,0.162,0.327,0.296,0.389,0.367,0.068,0.054,0.346,0.321
Ty France,2022,2023,SEA,SEA,27,28,613,665,0.774,0.703,127,106,0.057,0.065,0.153,0.176,0.162,0.116,0.296,0.294,0.367,0.386,0.054,0.068,0.321,0.342
Ty France,2023,2024,SEA,- - -,28,29,665,535,0.703,0.67,106,93,0.065,0.071,0.176,0.213,0.116,0.132,0.294,0.277,0.386,0.4,0.068,0.073,0.342,0.303
Ty France,2024,2025,- - -,- - -,29,30,535,490,0.67,0.681,93,92,0.071,0.045,0.213,0.1689999999999999,0.132,0.104,0.277,0.3,0.4,0.442,0.073,0.077,0.303,0.328
Tyler Stephenson,2023,2024,CIN,CIN,26,27,517,515,0.696,0.782,85,113,0.091,0.093,0.261,0.2269999999999999,0.135,0.186,0.314,0.307,0.435,0.439,0.076,0.091,0.314,0.322
Vinnie Pasquantino,2024,2025,KCR,KCR,26,27,554,682,0.76,0.798,109,116,0.072,0.072,0.128,0.157,0.183,0.211,0.265,0.271,0.465,0.447,0.071,0.108,0.331,0.334
Vladimir Guerrero Jr.,2021,2022,TOR,TOR,22,23,698,706,1.002,0.818,166,132,0.123,0.0819999999999999,0.158,0.1639999999999999,0.29,0.205,0.313,0.289,0.552,0.504,0.151,0.1119999999999999,0.421,0.351
Vladimir Guerrero Jr.,2022,2023,TOR,TOR,23,24,706,682,0.818,0.788,132,117,0.0819999999999999,0.098,0.1639999999999999,0.147,0.205,0.179,0.289,0.277,0.504,0.492,0.1119999999999999,0.111,0.351,0.378
Vladimir Guerrero Jr.,2023,2024,TOR,TOR,24,25,682,697,0.788,0.94,117,164,0.098,0.103,0.147,0.138,0.179,0.221,0.277,0.342,0.492,0.5479999999999999,0.111,0.1369999999999999,0.378,0.409
Vladimir Guerrero Jr.,2024,2025,TOR,TOR,25,26,697,680,0.94,0.848,164,137,0.103,0.119,0.138,0.138,0.221,0.175,0.342,0.313,0.5479999999999999,0.507,0.1369999999999999,0.122,0.409,0.384
Whit Merrifield,2021,2022,KCR,- - -,32,33,720,550,0.711,0.673,89,87,0.0559999999999999,0.069,0.143,0.155,0.117,0.125,0.309,0.276,0.288,0.311,0.035,0.042,0.301,0.288
Whit Merrifield,2022,2023,- - -,TOR,33,34,550,592,0.673,0.7,87,92,0.069,0.061,0.155,0.171,0.125,0.11,0.276,0.313,0.311,0.243,0.042,0.024,0.288,0.276
Will Smith,2021,2022,LAD,LAD,26,27,501,578,0.86,0.807,130,127,0.1159999999999999,0.0969999999999999,0.2019999999999999,0.166,0.237,0.205,0.274,0.276,0.4379999999999999,0.43,0.108,0.103,0.362,0.349
Will Smith,2022,2023,LAD,LAD,27,28,578,554,0.807,0.797,127,117,0.0969999999999999,0.114,0.166,0.161,0.205,0.177,0.276,0.277,0.43,0.416,0.103,0.067,0.349,0.35
Will Smith,2023,2024,LAD,LAD,28,29,554,544,0.797,0.76,117,109,0.114,0.094,0.161,0.193,0.177,0.185,0.277,0.273,0.416,0.42,0.067,0.108,0.35,0.331
Will Smith,2024,2025,LAD,LAD,29,30,544,436,0.76,0.901,109,153,0.094,0.147,0.193,0.204,0.185,0.202,0.273,0.345,0.42,0.471,0.108,0.122,0.331,0.376
Willi Castro,2023,2024,MIN,MIN,26,27,409,635,0.75,0.717,107,106,0.083,0.08,0.242,0.236,0.154,0.138,0.328,0.315,0.318,0.368,0.068,0.07,0.302,0.32
Willi Castro,2024,2025,MIN,- - -,27,28,635,454,0.717,0.679,106,92,0.08,0.088,0.236,0.244,0.138,0.139,0.315,0.286,0.368,0.373,0.07,0.065,0.32,0.304
William Contreras,2023,2024,MIL,MIL,25,26,611,679,0.825,0.831,126,132,0.103,0.115,0.206,0.205,0.169,0.185,0.348,0.33,0.487,0.495,0.094,0.1,0.335,0.358
William Contreras,2024,2025,MIL,MIL,26,27,679,659,0.831,0.754,132,113,0.115,0.127,0.205,0.182,0.185,0.14,0.33,0.299,0.495,0.485,0.1,0.064,0.358,0.33
Willson Contreras,2021,2022,CHC,CHC,29,30,483,487,0.778,0.815,111,134,0.108,0.092,0.286,0.211,0.201,0.224,0.298,0.27,0.484,0.479,0.111,0.105,0.346,0.363
Willson Contreras,2022,2023,CHC,STL,30,31,487,495,0.815,0.826,134,127,0.092,0.103,0.211,0.2239999999999999,0.224,0.203,0.27,0.311,0.479,0.469,0.105,0.122,0.363,0.372
Willy Adames,2021,2022,- - -,MIL,25,26,555,617,0.818,0.756,120,109,0.103,0.079,0.281,0.2689999999999999,0.219,0.22,0.331,0.278,0.447,0.436,0.114,0.13,0.325,0.323
Willy Adames,2022,2023,MIL,MIL,26,27,617,638,0.756,0.717,109,95,0.079,0.111,0.2689999999999999,0.259,0.22,0.19,0.278,0.259,0.436,0.364,0.13,0.124,0.323,0.335
Willy Adames,2023,2024,MIL,MIL,27,28,638,688,0.717,0.794,95,120,0.111,0.108,0.259,0.251,0.19,0.211,0.259,0.297,0.364,0.407,0.124,0.12,0.335,0.339
Willy Adames,2024,2025,MIL,SFG,28,29,688,686,0.794,0.74,120,108,0.108,0.1169999999999999,0.251,0.261,0.211,0.196,0.297,0.263,0.407,0.427,0.12,0.126,0.339,0.326
Wilmer Flores,2021,2022,SFG,SFG,29,30,436,602,0.782,0.71,114,103,0.094,0.098,0.128,0.171,0.185,0.166,0.264,0.246,0.354,0.354,0.06,0.063,0.312,0.31
Wilmer Flores,2022,2023,SFG,SFG,30,31,602,454,0.71,0.863,103,134,0.098,0.09,0.171,0.139,0.166,0.225,0.246,0.286,0.354,0.325,0.063,0.078,0.31,0.333
Wilyer Abreu,2024,2025,BOS,BOS,25,26,447,417,0.781,0.786,116,110,0.089,0.096,0.28,0.242,0.206,0.223,0.326,0.277,0.502,0.449,0.108,0.123,0.32,0.335
Wyatt Langford,2024,2025,TEX,TEX,22,23,557,573,0.74,0.775,111,118,0.092,0.129,0.206,0.264,0.162,0.19,0.296,0.299,0.434,0.484,0.093,0.14,0.328,0.344
Xander Bogaerts,2021,2022,BOS,BOS,28,29,603,631,0.863,0.833,129,133,0.103,0.09,0.187,0.187,0.198,0.149,0.333,0.362,0.43,0.395,0.0969999999999999,0.065,0.359,0.323
Xander Bogaerts,2022,2023,BOS,SDP,29,30,631,665,0.833,0.79,133,119,0.09,0.084,0.187,0.165,0.149,0.154,0.362,0.319,0.395,0.346,0.065,0.061,0.323,0.318
Xander Bogaerts,2023,2024,SDP,SDP,30,31,665,463,0.79,0.688,119,95,0.084,0.06,0.165,0.171,0.154,0.117,0.319,0.297,0.346,0.332,0.061,0.051,0.318,0.306
Xander Bogaerts,2024,2025,SDP,SDP,31,32,463,552,0.688,0.72,95,104,0.06,0.087,0.171,0.17,0.117,0.128,0.297,0.299,0.332,0.392,0.051,0.069,0.306,0.325
Yainer Diaz,2024,2025,HOU,HOU,25,26,619,567,0.766,0.701,116,92,0.039,0.035,0.173,0.168,0.142,0.161,0.338,0.277,0.475,0.422,0.076,0.096,0.339,0.329
Yandy Diaz,2021,2022,TBR,TBR,29,30,541,558,0.74,0.824,110,145,0.128,0.14,0.157,0.108,0.131,0.127,0.286,0.323,0.406,0.49,0.07,0.048,0.332,0.365
Yandy Diaz,2022,2023,TBR,TBR,30,31,558,600,0.824,0.932,145,163,0.14,0.108,0.108,0.157,0.127,0.192,0.323,0.367,0.49,0.54,0.048,0.095,0.365,0.384
Yandy Diaz,2023,2024,TBR,TBR,31,32,600,621,0.932,0.755,163,120,0.108,0.081,0.157,0.153,0.192,0.133,0.367,0.314,0.54,0.487,0.095,0.076,0.384,0.336
Yandy Diaz,2024,2025,TBR,TBR,32,33,621,651,0.755,0.848,120,135,0.081,0.088,0.153,0.141,0.133,0.182,0.314,0.318,0.487,0.524,0.076,0.083,0.336,0.354
Yoan Moncada,2021,2022,CHW,CHW,26,27,616,433,0.787,0.626,120,76,0.136,0.074,0.255,0.263,0.148,0.141,0.35,0.265,0.408,0.375,0.0819999999999999,0.098,0.353,0.289
Yordan Alvarez,2021,2022,HOU,HOU,24,25,598,561,0.877,1.019,137,185,0.084,0.139,0.242,0.1889999999999999,0.253,0.306,0.32,0.32,0.542,0.598,0.159,0.21,0.387,0.46
Yordan Alvarez,2022,2023,HOU,HOU,25,26,561,496,1.019,0.99,185,170,0.139,0.139,0.1889999999999999,0.185,0.306,0.29,0.32,0.306,0.598,0.522,0.21,0.18,0.46,0.435
Yordan Alvarez,2023,2024,HOU,HOU,26,27,496,635,0.99,0.959,170,167,0.139,0.109,0.185,0.15,0.29,0.259,0.306,0.317,0.522,0.497,0.18,0.145,0.435,0.411
Yuli Gurriel,2021,2022,HOU,HOU,37,38,605,584,0.846,0.647,133,85,0.098,0.051,0.1119999999999999,0.125,0.143,0.117,0.336,0.266,0.42,0.356,0.034,0.019,0.326,0.271
Zach Neto,2024,2025,LAA,LAA,23,24,602,554,0.761,0.793,115,116,0.065,0.06,0.233,0.2689999999999999,0.194,0.217,0.295,0.312,0.3879999999999999,0.466,0.084,0.14,0.317,0.343
